names,scores,logfoldchanges,pvals,pvals_adj,pct_nz_group,pct_nz_reference,mean_expr_Cluster_L5 IT CTX Glut (for_DEGs),mean_expr_Rest (for_DEGs)
Il1rapl2,11.368244,3.8434284,6.018590695236092e-30,1.617195319809938e-25,0.9682539682539683,0.5024759580881297,2.9193468,0.79803205
Dpp10,10.963024,3.0503879,5.754398463752517e-28,7.731034336051508e-24,0.9841269841269841,0.8856394430888475,4.565318,2.5240161
Efna5,9.711453,2.9509597,2.6946703273618857e-22,2.4135263898737955e-18,0.8888888888888888,0.4128390986077221,1.8345013,0.5190881
Nrg1,9.333506,2.29883,1.0242553004461986e-20,6.880434980747339e-17,0.9841269841269841,0.8484283048657959,3.7718365,2.2647858
Fhod3,9.230951,2.3863668,2.682387946715226e-20,1.4415152825647625e-16,0.9047619047619048,0.37946748959379933,1.2148159,0.3737905
Satb2,9.049823,2.4157324,1.4320087573743484e-19,5.56460376059842e-16,0.8888888888888888,0.4195851873116119,1.478973,0.4916594
Pou6f2,9.048485,2.949519,1.449654868782618e-19,5.56460376059842e-16,0.7936507936507936,0.17661834361992249,0.7579908,0.13697176
Agbl4,8.636295,1.7272371,5.80652224185959e-18,1.9502656579845898e-14,0.9365079365079365,0.7526912587914454,2.65368,1.6071663
Car10,8.402677,2.0807364,4.364137901897153e-17,1.302937615821961e-13,0.9206349206349206,0.6381512846275298,2.3817122,1.2006236
Hs3st2,8.360026,2.880992,6.270404732614278e-17,1.614981898322321e-13,0.7619047619047619,0.223374479689967,0.89397806,0.17909478
Fras1,8.353777,2.2450228,6.611388493318025e-17,1.614981898322321e-13,0.8888888888888888,0.4013922778814411,1.3155818,0.45441172
Ext1,8.240766,1.5644829,1.711123203483368e-16,3.8314900397998413e-13,0.9365079365079365,0.7755490167934549,2.3744295,1.4573839
9130024F11Rik,8.227289,2.5123036,1.9149779163265319e-16,3.9581120470533774e-13,0.7777777777777778,0.23474953351514283,0.71998864,0.16958383
Scube1,7.7203426,2.5808475,1.160172063280675e-14,2.2267016671679812e-11,0.7301587301587301,0.21257356107363284,0.63606125,0.13853888
Fnbp1l,7.6704106,1.7119405,1.71446341047437e-14,3.0711754559630886e-11,0.8888888888888888,0.5246519305296398,1.2970304,0.59414595
Grm8,7.645202,2.1876488,2.086170274830045e-14,3.503462205292707e-11,0.9047619047619048,0.5145686809243577,1.958334,0.8485491
Ptprd,7.6284175,1.238227,2.3765279232264986e-14,3.7563120762997655e-11,0.9841269841269841,0.9654083536672886,4.501864,3.6585472
Adgrb3,7.6143622,0.811156,2.649962902826953e-14,3.955805733275568e-11,0.9523809523809523,0.9360556911152577,3.7684312,3.2234557
Cobl,7.5204115,1.8450521,5.460417305076789e-14,7.72217963091649e-11,0.8571428571428571,0.4314267259939716,1.1209934,0.45463118
Phactr1,7.4957113,1.07323,6.593981204070505e-14,8.859013747668723e-11,0.9206349206349206,0.8898736902540548,3.0873377,2.392583
R3hdm1,7.465536,1.0937196,8.296111044459078e-14,1.061507160783883e-10,0.9365079365079365,0.8403904119420124,2.5083914,1.8385907
Kcnh1,7.4394984,1.7266908,1.0106817719395195e-13,1.234409964182495e-10,0.8571428571428571,0.5163269700014353,1.1920273,0.5265294
Kcnt2,7.2939887,1.5397658,3.009108698410028e-13,3.5154239446207584e-10,0.9047619047619048,0.6869527773790728,1.9741125,1.1418347
Npas2,7.2537866,1.6962478,4.052789564275441e-13,4.537435649670046e-10,0.873015873015873,0.48622075498779965,1.1221095,0.49419957
Rasgef1b,7.185779,1.7513821,6.682503015811137e-13,6.959292841549608e-10,0.8888888888888888,0.5444954786852304,1.5500138,0.7430762
Ptprr,7.184731,1.6101792,6.733964044670257e-13,6.959292841549608e-10,0.9047619047619048,0.5739199081383666,1.3308872,0.6481787
Fgf12,7.147665,1.132658,8.826625706474677e-13,8.784127138258317e-10,0.9523809523809523,0.8550308597674753,2.897759,2.1763556
Ldb2,7.133524,1.7833266,9.783119915713172e-13,9.23725168150937e-10,0.873015873015873,0.5556911152576431,1.7132001,0.8419441
Hs3st5,7.1309276,2.0454655,9.969493813314914e-13,9.23725168150937e-10,0.746031746031746,0.26794172527630256,0.77300614,0.24882826
Pcsk2,7.102653,1.313475,1.2238454772268553e-12,1.0961575991028535e-09,0.9365079365079365,0.7699153150566959,2.2480836,1.4833611
Mef2c,7.0779057,1.5430748,1.4634910794280328e-12,1.2685163001364918e-09,0.9365079365079365,0.7804291660686091,2.4214025,1.5088001
Cdh12,7.0666275,1.6016397,1.5874451769788623e-12,1.3329578720444384e-09,0.9523809523809523,0.6849074206975743,2.1651742,1.2648283
Thrb,7.038775,1.5344504,1.9393696239171905e-12,1.5791170240804518e-09,0.9206349206349206,0.6931606143246735,1.9381388,1.11598
Rgs6,7.012894,1.8390827,2.3343819793182313e-12,1.8076384262352851e-09,0.9047619047619048,0.5111956365724128,1.6298724,0.76400197
Pcdh15,7.0116897,1.7934855,2.3545718242737245e-12,1.8076384262352851e-09,0.9047619047619048,0.7425721257356107,2.7061732,1.6155176
Celf4,6.980263,1.1914895,2.9462790048032242e-12,2.1990699127517397e-09,0.9206349206349206,0.7921271709487584,2.2940438,1.5899339
Cntn6,6.974319,1.8391914,3.073565067242993e-12,2.2320727934275465e-09,0.8571428571428571,0.40774364862925216,1.2431734,0.5243508
Chsy3,6.9577923,1.5837367,3.4564687099034184e-12,2.4440872167132855e-09,0.9047619047619048,0.7036744653365867,2.1394997,1.2529124
Pde4d,6.94405,1.3501263,3.8101608934234215e-12,2.6251031591355727e-09,0.9365079365079365,0.8249605282043921,2.7225132,1.8836261
Rmst,6.9269366,2.4593892,4.300514977537388e-12,2.88887093616074e-09,0.7142857142857143,0.2493182144395005,1.142846,0.32809195
Gm15155,6.893148,2.266764,5.45710843442022e-12,3.5764025276310077e-09,0.6984126984126984,0.2417826898234534,0.753324,0.20991428
Gm49678,6.8206043,1.7537206,9.065847002902978e-12,5.799983546857215e-09,0.8888888888888888,0.5554040476532224,1.7951359,0.91175985
Ptprt,6.7872767,1.8126054,1.1426972013412053e-11,6.998694737821684e-09,0.9047619047619048,0.6198148413951485,2.1370523,1.1403258
Lrrc4c,6.7868547,1.267208,1.1460460307560629e-11,6.998694737821684e-09,0.9523809523809523,0.9152432897947467,3.45634,2.6214013
Pde1a,6.7630773,1.4897221,1.3509098300956077e-11,8.066432696593106e-09,0.9365079365079365,0.7628103918472801,2.5259326,1.6284235
Myrip,6.7512045,1.4173362,1.4662276113680763e-11,8.564681721187003e-09,0.8571428571428571,0.5091502798909143,0.9437526,0.4622643
Zfp804b,6.74038,2.2582388,1.5797332520938418e-11,9.031368613566283e-09,0.8095238095238095,0.4664489737333142,1.7663119,0.6999329
Plcxd3,6.7286944,1.7588943,1.7119215841998484e-11,9.583194368218734e-09,0.8412698412698413,0.39191904693555335,1.0555488,0.44056633
Smyd3,6.6961575,1.301855,2.139714856497831e-11,1.1733497590631984e-08,0.8888888888888888,0.7276087268551744,1.7224231,1.0525684
Ipcef1,6.6548915,1.859506,2.8350940844453986e-11,1.523579560980957e-08,0.7301587301587301,0.270991818573274,0.60243624,0.2052048
Wdr17,6.6067896,1.4322352,3.927437797748998e-11,2.0692206593238345e-08,0.9047619047619048,0.6243002727142242,1.4014938,0.75817215
Lrrtm3,6.5447497,1.498589,5.95950316493874e-11,3.0794586546519984e-08,0.9206349206349206,0.6265250466484857,1.744664,0.9827571
Efcab6,6.528896,1.890103,6.625629854020348e-11,3.359069324104278e-08,0.6984126984126984,0.24799052676905411,0.4807441,0.15403657
Arpp21,6.483555,1.2031167,8.958620001041545e-11,4.4577429523701165e-08,0.9365079365079365,0.7990526769054113,2.645884,1.9003154
Ppp2r2b,6.477634,1.171094,9.317191282299516e-11,4.5518714500979635e-08,0.9365079365079365,0.7691258791445386,2.2639742,1.5745533
BC006965,6.4644628,3.5834303,1.0165925054022635e-10,4.8778286821712175e-08,0.5238095238095238,0.05676761877422133,0.34297416,0.033561043
Celf2,6.4617486,0.96550936,1.0349978477269382e-10,4.8790161698987414e-08,1.0,0.966556624084972,4.3642845,3.707086
Dpy19l1,6.4476156,1.5379827,1.1362357347144047e-10,5.263905895133802e-08,0.8095238095238095,0.42417826898234534,0.8716995,0.39136893
Grik3,6.388423,1.84162,1.6760530778038994e-10,7.633143423828946e-08,0.746031746031746,0.36113104636141813,0.9329503,0.35783586
Rimbp2,6.377082,1.2504863,1.8049406351513287e-10,8.083125811086035e-08,0.9047619047619048,0.6360700444954787,1.3671142,0.8015424
Csgalnact1,6.3740783,1.4660426,1.840664503493576e-10,8.107976263749573e-08,0.8571428571428571,0.48123295536098754,1.0418491,0.50923854
Kcnq3,6.36718,1.1365159,1.9253534573135746e-10,8.344233451292863e-08,0.9682539682539683,0.812437203961533,2.425324,1.7383037
Dlg2,6.3595304,0.8321127,2.0237134030462264e-10,8.631298276167001e-08,1.0,0.9553609875125592,4.285301,3.7192123
Hivep1,6.355479,1.5339032,2.0777813313380676e-10,8.723435058289668e-08,0.7777777777777778,0.32743648629252187,0.6093285,0.25449464
Oxr1,6.3050385,1.0417365,2.881221425434878e-10,1.1910526107913104e-07,0.9365079365079365,0.85578441222908,2.699,2.0457253
Kcnb2,6.2902327,1.18066,3.169906569618422e-10,1.2905362049340454e-07,0.8888888888888888,0.7715300703315631,2.3976908,1.6883438
B3galt1,6.27423,0.92881495,3.5136892986132895e-10,1.409146738115509e-07,0.9523809523809523,0.853236687239845,2.4732592,1.9028796
Ntm,6.252322,1.3888655,4.0439428227326197e-10,1.597952112453316e-07,0.9365079365079365,0.8149849289507679,2.8587558,1.9848198
St6gal2,6.2408013,1.398158,4.3533546088607066e-10,1.695284613624452e-07,0.7936507936507936,0.397947466628391,0.6642461,0.30586278
Cdh10,6.220692,1.2978044,4.949662824001475e-10,1.8999634297274235e-07,0.9047619047619048,0.7553107506817855,2.1911795,1.4426517
Pak5,6.1634393,1.1030412,7.118166775456035e-10,2.69387522896484e-07,0.9365079365079365,0.7411009042629539,1.7723311,1.1859901
Nwd2,6.1596227,1.4628788,7.291857935256806e-10,2.6994225760976846e-07,0.8412698412698413,0.5332280752117123,1.275695,0.66081685
Etl4,6.1587152,1.5354706,7.333749462416486e-10,2.6994225760976846e-07,0.9206349206349206,0.7121788431175542,2.4554205,1.5420977
Numb,6.128337,1.1038511,8.880250194221272e-10,3.2244908475503457e-07,0.8888888888888888,0.6548729725850437,1.2501954,0.7696475
Mark1,6.1143126,1.2589887,9.697388219507511e-10,3.4742509527755573e-07,0.8571428571428571,0.5244366298263241,0.8573685,0.44915283
Syndig1,6.0855613,1.464887,1.16083910870075e-09,4.050876214388201e-07,0.7777777777777778,0.39931103774939,0.7729014,0.35235584
Cacnb4,6.082229,1.1276336,1.1852285943738124e-09,4.053763424634194e-07,0.9047619047619048,0.7692335294961964,2.014893,1.3799704
2610316D01Rik,6.081338,1.4356706,1.1918396373133657e-09,4.053763424634194e-07,0.746031746031746,0.2965767188172815,0.5150264,0.22237821
Nyap2,6.073321,1.3367194,1.252918515553228e-09,4.2082400641144044e-07,0.8888888888888888,0.6031649203387398,1.4468787,0.8270981
Cntn4,6.068033,1.6444577,1.2948594326961863e-09,4.2954164143884596e-07,0.9206349206349206,0.6508899095737046,2.1568615,1.2369385
Hecw1,6.015137,1.1758567,1.79734537376366e-09,5.889593925979214e-07,0.9206349206349206,0.7141524328979475,1.793366,1.168565
Arhgap42,5.9978285,1.5756011,1.9997385874559337e-09,6.473852511438668e-07,0.6984126984126984,0.2751901822879288,0.47938192,0.18760785
Rspo2,5.994684,1.7875278,2.0388146425927367e-09,6.521779696007957e-07,0.7142857142857143,0.34667001578871826,0.90263367,0.35394743
Ptchd1,5.9869328,1.7489724,2.138348295365831e-09,6.759696317232928e-07,0.6825396825396826,0.2656451844409358,0.51209635,0.18146475
Lhfp,5.962749,1.4817271,2.4802910252308374e-09,7.660393085971563e-07,0.6984126984126984,0.2632051098033587,0.52914834,0.22293657
Cntnap4,5.94598,1.3962413,2.7480777647640837e-09,8.362351980354793e-07,0.7936507936507936,0.35079661260226785,0.89816487,0.44007087
B230209E15Rik,5.9446893,1.2342745,2.7698151330538762e-09,8.362351980354793e-07,0.8888888888888888,0.5936558059422994,1.1836617,0.6746314
Tenm4,5.874914,1.169739,4.2306190325881824e-09,1.2543955442700082e-06,0.9047619047619048,0.7480981771207119,2.262385,1.5738908
Kcnq5,5.874226,1.3888048,4.248232025626005e-09,1.2543955442700082e-06,0.9365079365079365,0.7819362709918186,2.675096,1.8181837
Robo2,5.8624864,1.1085802,4.5598768881417575e-09,1.3317814346127069e-06,0.9365079365079365,0.7859911009042629,2.3403206,1.677484
Gria4,5.851043,1.258591,4.884987865967241e-09,1.411393806005804e-06,0.9206349206349206,0.7919477536959955,2.449279,1.6904416
Sgcz,5.848838,1.5787227,4.950196949864796e-09,1.41501906428582e-06,0.9523809523809523,0.7474881584613177,2.6643012,1.6996319
D430041D05Rik,5.7681518,1.1192644,8.014559485032477e-09,2.2529421348474825e-06,0.9047619047619048,0.6790943017080523,1.5478667,0.9946883
Zfyve28,5.7674246,1.2016139,8.04921641032223e-09,2.2529421348474825e-06,0.8253968253968254,0.5086837950337304,0.82883656,0.44543082
Gm2824,5.730875,1.4768244,9.991396443724255e-09,2.7677198189986674e-06,0.7142857142857143,0.3503660111956366,0.5945843,0.25606245
Gfra2,5.700473,1.8648629,1.19475500870451e-08,3.275823171825529e-06,0.6190476190476191,0.21673604133773502,0.44103262,0.14166076
Slc35f4,5.6827183,1.3314705,1.3257054948406074e-08,3.598152186501729e-06,0.873015873015873,0.5925075355246161,1.4003918,0.7950954
Sorcs3,5.6630397,1.4146652,1.4871486738526037e-08,3.995968486641946e-06,0.8571428571428571,0.5840749246447539,1.605246,0.9133056
Septin11,5.649798,1.2270852,1.606366189291198e-08,4.273570248144009e-06,0.8571428571428571,0.5322233385962394,0.8946715,0.48114553
Phf24,5.640107,1.1148506,1.6994442538820864e-08,4.476869323707025e-06,0.873015873015873,0.5731663556767619,0.98627836,0.57452875
Necab1,5.617722,1.4398288,1.9349131229145867e-08,5.047681127448052e-06,0.7777777777777778,0.40785129898091,0.9240072,0.44472045
Fut9,5.6105657,0.9918541,2.0166647540703364e-08,5.210363648256724e-06,0.9047619047619048,0.7503229510549735,1.7359941,1.2091146
Sh3gl2,5.6061854,1.0668771,2.068342393028226e-08,5.2929866762541365e-06,0.9206349206349206,0.7128606286780537,1.6369709,1.0905931
B3glct,5.6043787,1.3274103,2.0900319290204632e-08,5.2980337672433815e-06,0.7142857142857143,0.32503229510549736,0.50894445,0.2346031
Tmem132d,5.5994825,1.329902,2.1499255020432286e-08,5.398925069149678e-06,0.8412698412698413,0.47660399023970146,1.1254419,0.6032453
Slc35f1,5.592842,1.2498288,2.233823386562094e-08,5.557669851566987e-06,0.9206349206349206,0.6546217884311756,1.6792209,1.0416747
Lin7a,5.562151,1.2656384,2.6646977919720444e-08,6.568846758742094e-06,0.8253968253968254,0.5027989091431032,0.9538964,0.5090557
Pcsk1,5.544232,2.0161035,2.95247240592554e-08,7.212084867929023e-06,0.6031746031746031,0.23270417683364433,0.5262028,0.15803047
Cntn3,5.5356283,1.2805561,3.101144930900871e-08,7.507005792189765e-06,0.9206349206349206,0.6631620496626955,1.7649806,1.0962565
Lrrtm4,5.526094,1.2257746,3.2743865894613705e-08,7.855604255252412e-06,0.9841269841269841,0.9203387397732166,3.8596408,3.0378406
Gucy1a2,5.5099664,1.0524843,3.589025164262139e-08,8.534257182630413e-06,0.9206349206349206,0.6988301995119851,1.574916,1.0461754
2210408F21Rik,5.4992275,1.129079,3.81458899947244e-08,8.991053194370567e-06,0.8888888888888888,0.6041696569542128,1.1776667,0.7066802
Elavl4,5.483483,1.2191546,4.1703268332073555e-08,9.744059305067967e-06,0.8253968253968254,0.538897660399024,1.0605487,0.59384733
Gm36251,5.4800415,2.958123,4.252262391368372e-08,9.849852625523116e-06,0.47619047619047616,0.08852447251327687,0.33546087,0.05001852
Ank2,5.4420214,0.44316182,5.267933319581722e-08,1.208771710439242e-05,0.9523809523809523,0.9338668006315487,2.999432,2.709998
Rap1gap2,5.4406605,1.156872,5.3083387358329196e-08,1.208771710439242e-05,0.7936507936507936,0.5164705038036458,0.86278033,0.47890624
Cdyl2,5.436961,1.42235,5.4197003495890314e-08,1.22375923019712e-05,0.7142857142857143,0.36963542414238554,0.5986535,0.2668323
Grm7,5.431908,1.0018761,5.5754565584081385e-08,1.2436140805954162e-05,1.0,0.8928520166499211,3.3472245,2.6874356
Arhgap26,5.4311185,1.0386304,5.600197385636224e-08,1.2436140805954162e-05,0.8888888888888888,0.6712358260370317,1.394666,0.9069455
Cntn5,5.4135046,1.3527476,6.180304433458367e-08,1.3611867223526747e-05,0.9365079365079365,0.766362853451988,2.6481106,1.8148217
Ankrd33b,5.4079747,1.2718242,6.374141367794568e-08,1.3924648662816265e-05,0.7777777777777778,0.4416176259509114,0.75698924,0.38440496
Gm32014,5.3831887,1.5024705,7.317778983583083e-08,1.585715494265141e-05,0.6349206349206349,0.25613607004449546,0.38445017,0.1531198
Macrod2,5.3488917,0.81817377,8.849451568376249e-08,1.8871806638275383e-05,0.9682539682539683,0.8878283335725563,3.0756373,2.5431376
Gm33228,5.3374724,1.2993698,9.425128584416528e-08,1.9941197249076547e-05,0.7619047619047619,0.41316204966269554,0.7198752,0.356496
Samd12,5.3282743,0.95310956,9.915029957348152e-08,2.0813816793276944e-05,0.9047619047619048,0.7506459021099469,1.9035769,1.3735183
Sorbs2,5.3107543,0.97151405,1.0917243277886444e-07,2.27400253392875e-05,0.9365079365079365,0.7820080378929238,2.1504986,1.5831364
Iqsec1,5.308807,0.9771767,1.1034524504583352e-07,2.2807513341396515e-05,0.8888888888888888,0.6928376632697,1.3569788,0.902283
Cadps,5.299554,0.9131654,1.1608589735383978e-07,2.3810901235860114e-05,0.9682539682539683,0.8290871250179417,2.5696409,2.0020964
Pitpnm3,5.2676973,1.3782758,1.381456525300168e-07,2.8121012753648117e-05,0.6984126984126984,0.318429740203818,0.48083293,0.21309975
Ctnna2,5.243357,0.72853875,1.576810305641528e-07,3.1856310460592376e-05,0.9523809523809523,0.8864288790010048,2.9445279,2.4735267
Nkain2,5.2350116,0.7591397,1.6497457120013725e-07,3.2944680761466636e-05,0.9523809523809523,0.9301708052246304,3.7306535,3.22093
Slit2,5.234401,1.2651963,1.6552035365828044e-07,3.2944680761466636e-05,0.873015873015873,0.5731304722262093,1.448521,0.85653275
Grk5,5.223553,1.4385414,1.7552208102481338e-07,3.467851703777012e-05,0.6507936507936508,0.2914453853882589,0.4885091,0.20895517
Nav3,5.2209797,0.7092689,1.7797888985274142e-07,3.489516248553323e-05,0.9365079365079365,0.8980551169800488,3.1619215,2.696829
Snx7,5.219697,1.488004,1.792159442874427e-07,3.489516248553323e-05,0.6825396825396826,0.35650208124013205,0.59664106,0.2553482
Fstl4,5.2107105,1.2504495,1.88118980554759e-07,3.636515832738399e-05,0.8253968253968254,0.5172240562652505,1.1336989,0.6342793
Nrg3,5.1969366,0.71224123,2.0259922730268289e-07,3.860880310370985e-05,0.9682539682539683,0.9477536959954069,4.093759,3.6106658
Mical3,5.170438,0.93462545,2.3354625493837374e-07,4.419287232531058e-05,0.9047619047619048,0.6794531362135783,1.2553002,0.8383732
Pde10a,5.161545,1.0427077,2.4492027927562336e-07,4.602103429465734e-05,0.9365079365079365,0.7450122003731879,2.025438,1.4335968
A230006K03Rik,5.1357965,1.1433988,2.809513642214096e-07,5.2108122830982666e-05,0.8888888888888888,0.6657456581024831,1.8040262,1.1930064
Slc2a13,5.134498,1.0623649,2.828977065836152e-07,5.2108122830982666e-05,0.8888888888888888,0.6628390986077222,1.4635513,0.9518071
Garnl3,5.1343417,1.1382937,2.831330827437093e-07,5.2108122830982666e-05,0.8571428571428571,0.520274149562222,1.052919,0.6139522
Stx1a,5.1195593,1.270939,3.0625042683568227e-07,5.597924468758356e-05,0.6984126984126984,0.32356107363284053,0.45363793,0.21339358
Lrfn2,5.107976,1.0246441,3.2562838221543303e-07,5.91191529062749e-05,0.8888888888888888,0.5559064159609588,0.91043746,0.5481949
Dclk1,5.104049,0.77509797,3.324613961738499e-07,5.9954615538196953e-05,0.9365079365079365,0.828154155303574,2.3482618,1.8767452
A230057D06Rik,5.1026964,0.8654599,3.3484811171906087e-07,5.997815753019562e-05,0.8888888888888888,0.7887182431462609,2.0687606,1.567664
Negr1,5.101453,0.78649575,3.370562630092869e-07,5.997815753019562e-05,0.9365079365079365,0.902397014496914,3.0651238,2.5532122
Dok5,5.0789504,1.2396328,3.7952570524229875e-07,6.709115592013531e-05,0.6984126984126984,0.34943304148126886,0.5200577,0.25376323
Astn2,5.069205,1.192285,3.9948093869150593e-07,7.015720799111611e-05,0.9047619047619048,0.6344194057700588,1.6478764,1.0424567
Dgkb,5.0673356,1.0410401,4.0342265946464787e-07,7.038478823594496e-05,0.9047619047619048,0.7792808956509258,2.246881,1.6312894
Sergef,5.0661154,1.1753557,4.060157118188117e-07,7.038478823594496e-05,0.7777777777777778,0.49601693698866084,0.78242993,0.42230672
Kcnip4,5.0512547,1.0720567,4.389172673727476e-07,7.521766020963878e-05,0.9841269841269841,0.9527773790727716,4.427147,3.697145
Cnr1,5.0510044,1.0285007,4.3949284156729773e-07,7.521766020963878e-05,0.7777777777777778,0.4406128893354385,0.7262601,0.42083248
Satb1,5.042737,1.1730217,4.589193608587621e-07,7.804533687515783e-05,0.7936507936507936,0.46504951916176257,0.8825607,0.48763585
Prkcb,5.035401,0.91522586,4.76850319246168e-07,8.058470489399078e-05,0.9365079365079365,0.7978685230371753,2.0278666,1.5037644
Ldlrad4,5.026938,0.8560943,4.983736773857885e-07,8.369562944597586e-05,0.9047619047619048,0.744007463757715,1.6171516,1.1728446
Elavl2,5.022323,1.1198981,5.105017138928592e-07,8.493648630931531e-05,0.8888888888888888,0.5418401033443376,1.1768701,0.70932424
Rnf144a,5.021729,1.2853054,5.12084509940792e-07,8.493648630931531e-05,0.6507936507936508,0.298980910004306,0.4643918,0.21712273
Tox,5.01397,1.5873361,5.331831691850899e-07,8.789344635584887e-05,0.7142857142857143,0.4134132338165638,1.2140256,0.580933
Csmd2,4.9920855,0.99347967,5.973077765634788e-07,9.78637802211017e-05,0.9206349206349206,0.7252045356681498,1.7231663,1.1974173
Cacna1b,4.981472,0.9588944,6.310245208815054e-07,0.00010276138712779425,0.9047619047619048,0.6524328979474666,1.2801782,0.8485119
Slc26a4,4.975512,1.49307,6.507541752715638e-07,0.00010533593186474049,0.6190476190476191,0.27565666714511267,0.46049994,0.1887814
Lingo2,4.971077,1.22338,6.658192814893113e-07,0.0001071291263090886,0.9841269841269841,0.8828405339457442,3.4323597,2.6265998
Cnih3,4.9676595,1.1476477,6.776590779445639e-07,0.00010838511562125258,0.7301587301587301,0.3912013779245012,0.5834537,0.3057011
Gpc6,4.9631777,1.4010222,6.934913050863854e-07,0.00011026101400988862,0.8412698412698413,0.5514209846418832,1.6320707,0.9392177
Osbpl10,4.961066,1.0827832,7.010744849858518e-07,0.000110811008303352,0.7777777777777778,0.42259939715803074,0.6198379,0.3403019
Cit,4.9582343,1.0926654,7.113670270635565e-07,0.00011178030419413897,0.8412698412698413,0.43401033443375914,0.78445125,0.44375396
Gm30439,4.956013,1.112548,7.195435994771041e-07,0.00011240777045319645,0.8253968253968254,0.5154657671881728,1.0076182,0.5901613
Kcnma1,4.948051,0.79578125,7.49603100427273e-07,0.00011642679369064061,0.9523809523809523,0.8572915171522894,2.723892,2.2194653
Nlk,4.9464865,0.8586283,7.556492259149989e-07,0.00011669134885250588,0.9047619047619048,0.755992536242285,1.6062376,1.1622438
Hmgcr,4.9261665,1.1622803,8.385853850948494e-07,0.0001282271221463723,0.6666666666666666,0.3363714654801206,0.46710107,0.23587164
Ncald,4.9258614,1.0106874,8.39894808253127e-07,0.0001282271221463723,0.9365079365079365,0.7014496914023253,1.5490909,1.0437747
Sgsm1,4.92339,1.0605376,8.505773515676162e-07,0.00012912436969842852,0.7777777777777778,0.4320726281039185,0.5942111,0.3286742
Gabra3,4.9048533,1.0534439,9.349727991508962e-07,0.0001411388714223853,0.7777777777777778,0.4289866513563944,0.67193717,0.37952754
Large1,4.899722,0.76196593,9.597223105898474e-07,0.0001440655781315598,0.9206349206349206,0.8455576288215875,2.4052005,1.9379448
Gm57223,4.885409,1.0639315,1.0321435576139377e-06,0.00015322484747561606,0.7936507936507936,0.44725132768767045,0.6505406,0.36354828
Fat3,4.884103,1.0313168,1.039008359061457e-06,0.0001533964538900074,0.9206349206349206,0.7381943447681929,1.9047978,1.3343719
Coro2a,4.879942,1.5052394,1.0611712837127933e-06,0.00015496561083349323,0.5396825396825397,0.1871321946318358,0.26998976,0.10362743
Clstn2,4.8665514,1.1186105,1.1356231467596398e-06,0.00016449015910564285,0.9365079365079365,0.7514712214726568,2.263039,1.602668
Dmd,4.8660274,0.79635423,1.1386367545087298e-06,0.00016449015910564285,0.9365079365079365,0.8748026410219607,2.7887173,2.281034
Fhl2,4.8608265,1.0691276,1.1689681705316547e-06,0.00016796884888869285,0.6825396825396826,0.3017798191474092,0.36842042,0.19252361
Spock1,4.8553276,1.1528127,1.2018776631185332e-06,0.00017177900429784569,0.873015873015873,0.610772211855892,1.4955221,0.938786
Igsf9b,4.842078,1.0203512,1.2848812588692502e-06,0.00018260566671315782,0.7777777777777778,0.4043706042773073,0.57182926,0.32233697
Etv6,4.8411007,1.1398951,1.2912198241719385e-06,0.00018260566671315782,0.746031746031746,0.4674178268982345,0.79772335,0.44073164
Rasal2,4.8289776,0.83127,1.3723599983875287e-06,0.00019306446678886332,0.9365079365079365,0.8013851011913306,1.9698895,1.4968685
Gm40841,4.826576,1.0223854,1.3890026825566634e-06,0.0001943880316682164,0.8412698412698413,0.49214152432897945,0.7452089,0.4349711
Ablim1,4.816354,0.9505375,1.4620536014040443e-06,0.00020355119310739209,0.873015873015873,0.6131764030429167,1.1227005,0.7288663
Sorl1,4.80391,1.0170678,1.5559704389844657e-06,0.00021445503162294683,0.9365079365079365,0.6304722262092722,1.1641394,0.736508
Utrn,4.8038626,1.0024273,1.5563353616105186e-06,0.00021445503162294683,0.7619047619047619,0.3750538251758289,0.7201897,0.42299432
Gm14636,4.8022203,1.2193292,1.5691596149058867e-06,0.00021511897373735294,0.6984126984126984,0.3906272427156595,0.57648575,0.2888551
Dock3,4.7991385,0.7663754,1.5934949675572546e-06,0.000217346242529256,0.9206349206349206,0.8061217166642745,1.9893222,1.5496747
Nell1,4.7955484,1.2799604,1.6223026262343e-06,0.00022015793720664466,0.8253968253968254,0.5036959954069183,1.3505876,0.7782423
Asic2,4.7797337,1.084496,1.7552760374734145e-06,0.0002369246666228669,0.9682539682539683,0.7915889191904694,2.4936173,1.830437
Cdh6,4.7787952,1.5528401,1.7634884006167986e-06,0.0002369246666228669,0.6031746031746031,0.28333572556337017,0.6020361,0.24801219
Atp11b,4.771631,0.9605665,1.8274041733975677e-06,0.00024403631856809242,0.8571428571428571,0.6333787857040333,1.0888808,0.699519
Mir124-2hg,4.7708406,1.0631542,1.8345863919149487e-06,0.00024403631856809242,0.7301587301587301,0.38714654801205683,0.54264426,0.29627866
Rapgef5,4.7641296,0.9333043,1.8967033491560933e-06,0.00025105625119125236,0.9206349206349206,0.716377206832209,1.5979631,1.1199664
Tenm3,4.755174,1.1575843,1.9827526372715943e-06,0.00026102505102257507,0.9206349206349206,0.7353954356250897,2.1648316,1.4945878
Lrrc3b,4.7542906,1.1933002,1.991445309252992e-06,0.00026102505102257507,0.6507936507936508,0.31756853739055546,0.4508509,0.22242905
Plekha6,4.750458,1.072375,2.0295645858156163e-06,0.0002641898180414902,0.7301587301587301,0.46971436773360126,0.67112976,0.37488627
Chrm2,4.749402,1.6157788,2.0401893767526192e-06,0.0002641898180414902,0.5238095238095238,0.1738194344768193,0.41156548,0.15369835
Lmtk2,4.748917,0.92857033,2.0450867939199836e-06,0.0002641898180414902,0.873015873015873,0.5837519735897804,0.9151145,0.580271
Tpd52,4.7457495,1.005608,2.0773568963212704e-06,0.00026707454451747626,0.746031746031746,0.41452562078369454,0.55093986,0.31189865
Cacna1a,4.7321167,0.9464846,2.221905770088922e-06,0.0002842981335347111,0.9523809523809523,0.7523324242859193,1.8668746,1.3447778
Evi5,4.7064548,0.8877062,2.5206209414768746e-06,0.00032099092273688923,0.8571428571428571,0.6115257643174967,0.98563987,0.64591825
Herc4,4.704757,0.8773819,2.541680785003424e-06,0.00032214605043887735,0.8412698412698413,0.5976388689536386,0.91769236,0.59797883
A330076H08Rik,4.6862206,0.91361886,2.7829637323845437e-06,0.0003510715281181817,0.873015873015873,0.6574206975742788,1.2379299,0.83280903
Tacc1,4.6838427,0.9376669,2.8154592983211453e-06,0.0003535111745135008,0.873015873015873,0.60068896225061,0.9661232,0.61508006
Wls,4.6778984,1.0605452,2.898298881569147e-06,0.00036221995789657206,0.6825396825396826,0.3422204679201952,0.55567646,0.304752
Lmo4,4.6530266,0.9529592,3.2709839256280005e-06,0.0004054316369357989,0.8253968253968254,0.5137074781110952,0.804713,0.49378723
Grm3,4.6521425,1.1181549,3.2850385201832516e-06,0.0004054316369357989,0.8571428571428571,0.5770058848858907,1.4490047,0.9168109
A830082K12Rik,4.6515403,0.92360836,3.2946487041221572e-06,0.0004054316369357989,0.8412698412698413,0.53498636428879,0.852929,0.5364167
Rims4,4.6509304,1.3018665,3.3044111830643826e-06,0.0004054316369357989,0.5714285714285714,0.22380508109659825,0.27903247,0.122697785
Shisa9,4.649632,1.0502332,3.3252801719560515e-06,0.00040613762827481406,0.8888888888888888,0.6635208841682216,1.6465849,1.1062279
Pde4a,4.646871,0.93484104,3.3700791835928635e-06,0.0004097467315074219,0.7936507936507936,0.5379646906846562,0.80386275,0.4980975
Gm28905,4.642233,1.094251,3.4466421778585443e-06,0.00041716790684260846,0.6507936507936508,0.2946390124874408,0.49125323,0.2601479
Jazf1,4.6381736,0.91072077,3.515017186536273e-06,0.0004235359273642586,0.9047619047619048,0.6750035883450552,1.3333774,0.9107154
Cacng2,4.6227183,0.9772616,3.787438738573122e-06,0.00045432356654223117,0.7619047619047619,0.4100760729151715,0.54771024,0.31512958
Nrcam,4.6193004,0.7076053,3.850361719037861e-06,0.000459818752846877,0.9206349206349206,0.8242787426438927,2.2122211,1.7887441
1700023F02Rik,4.6110096,4.2078557,4.007179815078759e-06,0.0004729965883156223,0.36507936507936506,0.0341969283766327,0.33401662,0.021232741
Lin28b,4.610681,1.090058,4.0135177571999215e-06,0.0004729965883156223,0.6507936507936508,0.2987297258504378,0.43075788,0.22547685
Arhgap10,4.6015067,1.2183777,4.194459010645364e-06,0.0004921620681923185,0.6507936507936508,0.3231663556767619,0.49444312,0.24284516
Sv2b,4.599919,1.0796835,4.22655597159733e-06,0.0004937719954644359,0.9365079365079365,0.621142529065595,1.4990569,0.97278523
Myo9a,4.5911903,0.7026965,4.407256573001159e-06,0.0005126536108941175,0.9365079365079365,0.802712788861777,1.7285892,1.34715
Hecw2,4.5841274,0.8936642,4.558863301789887e-06,0.00052800283154782,0.8888888888888888,0.7276087268551744,1.6638292,1.1949544
Unc5d,4.562556,1.1624796,5.053464827895032e-06,0.0005827751069765644,0.9523809523809523,0.6377206832208985,1.8197304,1.1968744
Dnah14,4.559224,4.193676,5.134300815496237e-06,0.000589566935523008,0.36507936507936506,0.04252188890483709,0.38091916,0.025020955
Adamts18,4.554226,2.7160144,5.2578804567728645e-06,0.0006011882888233484,0.42857142857142855,0.11206401607578585,0.3876767,0.06959334
Gabrg3,4.55195,1.1292981,5.315097646001547e-06,0.0006051553972375491,0.873015873015873,0.653401751112387,1.7946448,1.1919876
Ppm1h,4.545411,0.8527644,5.482809608434125e-06,0.0006216164311334386,0.8888888888888888,0.6750035883450552,1.2113163,0.83535314
Mpped1,4.53741,0.98121,5.6949342453613255e-06,0.000642953290642264,0.7777777777777778,0.4526338452705612,0.7297241,0.43456826
Xylt1,4.5337653,0.9256901,5.794145484879702e-06,0.000649352084800621,0.873015873015873,0.6414166786278168,1.3733941,0.93699354
Map3k5,4.533554,0.9102393,5.799944188766246e-06,0.000649352084800621,0.7936507936507936,0.46253767762308023,0.6752811,0.41426232
B830012L14Rik,4.513359,0.9511358,6.380887358491326e-06,0.0007114292254052362,0.8888888888888888,0.6134634706473374,1.1962814,0.78556603
Foxp1,4.505381,0.81792533,6.625391410689682e-06,0.0007356374677902139,0.9047619047619048,0.7953566814984929,1.8896723,1.4318334
Pcnx2,4.503582,0.9231403,6.6817500900884795e-06,0.0007371427766057352,0.7936507936507936,0.5121286062867806,0.7735139,0.47972158
Kcnt1,4.503199,1.0715461,6.6938160584964416e-06,0.0007371427766057352,0.6190476190476191,0.27314482560643033,0.32607314,0.16841914
Mgat5,4.481659,0.88994014,7.406511334195164e-06,0.0008122977940809145,0.8412698412698413,0.6250897086263815,1.0759763,0.7144399
Ankrd27,4.4775524,1.1263217,7.550366990785316e-06,0.0008230863451582233,0.6507936507936508,0.34911009042629537,0.43581188,0.22331385
Gm29514,4.4771066,1.0319356,7.566145413251997e-06,0.0008230863451582233,0.6666666666666666,0.3262164489737333,0.45455125,0.24797954
Lhfpl3,4.4181724,1.003373,9.953912728005009e-06,0.001074609555626447,0.7777777777777778,0.4748457011626238,1.0486491,0.65478677
Nrxn1,4.4180784,0.5480016,9.958235182396178e-06,0.001074609555626447,0.9841269841269841,0.9667719247882877,3.9933648,3.6219983
Lrfn5,4.415716,0.84005153,1.006760911669721e-05,0.001082066627862616,0.9682539682539683,0.8582962537677623,2.8184972,2.282308
Rsph10b,4.413878,1.4046888,1.0153510756722216e-05,0.001086951530012454,0.5238095238095238,0.20231089421558776,0.26263037,0.10745494
Pip4k2a,4.4099517,0.65250814,1.0339362068346857e-05,0.0011024549951447623,0.8571428571428571,0.551708052246304,0.79058594,0.56893927
Pamr1,4.408497,2.0593772,1.0409044639825097e-05,0.0011054981402059303,0.42857142857142855,0.11166929811970719,0.265337,0.07036939
Khdrbs3,4.3902025,1.0468442,1.132450497947639e-05,0.0011979899558997268,0.9047619047619048,0.6742859193340032,1.6893113,1.1433762
Iqgap1,4.3789086,0.8778481,1.192751700493934e-05,0.0012568328702851767,0.7619047619047619,0.4287713506530788,0.52712715,0.32040942
Asap1,4.372339,0.88660246,1.2292271968090906e-05,0.001284204024512,0.9206349206349206,0.7014855748528779,1.4846857,1.0460417
Fbxl17,4.372284,0.6866462,1.2295355851498648e-05,0.001284204024512,0.9523809523809523,0.8180350222477394,1.8890133,1.5012399
Arnt2,4.371658,0.8539542,1.2330652710238035e-05,0.001284204024512,0.8253968253968254,0.5760370317209703,0.9041978,0.59513426
Khdrbs2,4.354107,0.9631548,1.3361057667184792e-05,0.001386145249101372,0.9047619047619048,0.7131118128319219,1.7993815,1.2776561
Tmem245,4.352441,0.796022,1.3463022690470728e-05,0.0013913516142036479,0.7936507936507936,0.5324027558490024,0.7045568,0.46320158
Gpr158,4.350032,0.9048269,1.3611778689364995e-05,0.0014013352236905646,0.9523809523809523,0.7524400746375771,1.8873063,1.3842363
Efnb2,4.346504,0.9433024,1.383243160765094e-05,0.0014175603440496295,0.6507936507936508,0.3268623510836802,0.37972254,0.21526925
Dlg1,4.345832,0.7492796,1.3874892835320155e-05,0.0014175603440496295,0.9206349206349206,0.7745801636285345,1.6167631,1.2242045
Adcy8,4.333904,0.92740405,1.4648806927968876e-05,0.0014909600081610746,0.8571428571428571,0.5569470360269844,1.0633762,0.6916432
Brinp2,4.3328013,0.8615796,1.4722405114281889e-05,0.0014927963223424691,0.873015873015873,0.5451772642457299,0.92170686,0.6059519
Atp8a1,4.3246827,0.7148126,1.527516775286874e-05,0.0015430216448104627,0.9206349206349206,0.8161690828190039,1.7891449,1.3954709
Catspere2,4.3133416,0.9059427,1.6080546844974873e-05,0.0016182932349231266,0.8253968253968254,0.5283479259365581,0.810807,0.51099885
Frmd6,4.311433,1.0937582,1.6219990553291333e-05,0.0016262356200258887,0.6825396825396826,0.397768049375628,0.56273055,0.3030352
Phtf2,4.3058877,0.8081775,1.6631747434840607e-05,0.00165721519290807,0.8095238095238095,0.476101621931965,0.5944424,0.38099912
Abhd2,4.305614,0.94671184,1.6652329813367283e-05,0.00165721519290807,0.7142857142857143,0.43347208267547005,0.55723417,0.32710725
Plcl2,4.301132,0.81377584,1.6992764260277923e-05,0.0016848545227810619,0.9206349206349206,0.6504234247165207,1.1959039,0.83818734
Syn1,4.299599,0.84608275,1.711072782132868e-05,0.0016903134432319914,0.873015873015873,0.6471221472656811,1.0849339,0.7371248
Jcad,4.2934594,1.1149323,1.759105196055128e-05,0.0017313976783150655,0.5555555555555556,0.23492895076790585,0.28466687,0.14154372
Zmat4,4.2917075,0.97622406,1.773045150821429e-05,0.0017387490219916717,0.8888888888888888,0.600509544997847,1.3111594,0.86615777
Gm26652,4.2881093,1.0248272,1.802002543784581e-05,0.0017566892568298496,0.7142857142857143,0.449655518874695,0.6565084,0.37576675
Sdk2,4.287812,0.95566094,1.8044147185896482e-05,0.0017566892568298496,0.7142857142857143,0.38994545715516005,0.57249373,0.33532858
Pcgf5,4.2643166,1.0669707,2.0051487131895224e-05,0.001945066639834024,0.7142857142857143,0.39870101908999567,0.5685076,0.31148484
Zmiz1os1,4.261493,1.192016,2.0306556715820042e-05,0.001955810749111253,0.5873015873015873,0.2814697861346347,0.38198274,0.1853236
Dab2ip,4.261055,0.95561475,2.0346400046696427e-05,0.001955810749111253,0.6349206349206349,0.311611884598823,0.34888563,0.19496211
Sanbr,4.2606797,0.84644836,2.038061070901194e-05,0.001955810749111253,0.8412698412698413,0.5568035022247739,0.7922069,0.51400733
Wnk2,4.2573476,0.8179034,2.0686639776380624e-05,0.0019781139174069305,0.8571428571428571,0.5799124443806516,0.86330557,0.57532793
Gabbr2,4.2479854,0.86142385,2.157013080424553e-05,0.002055281612447083,0.9047619047619048,0.7267475240419119,1.5722266,1.1317617
Sestd1,4.242956,0.82006115,2.205943423470014e-05,0.0020944770243335434,0.8253968253968254,0.5504521314769628,0.7780271,0.51088816
Baalc,4.2378726,0.8382481,2.2564791420923746e-05,0.0021320228872245823,0.7142857142857143,0.4043347208267547,0.49077523,0.3033417
Pfkp,4.2373877,0.8858426,2.261356616520305e-05,0.0021320228872245823,0.7777777777777778,0.530895650925793,0.7769204,0.49210155
Gm10115,4.207854,1.0227373,2.5780760976971413e-05,0.002412222053056815,0.6666666666666666,0.3665135639443089,0.44111112,0.24128352
A330023F24Rik,4.207205,0.7997946,2.5854905928656134e-05,0.002412222053056815,0.9206349206349206,0.7172025261949189,1.4122783,1.0238092
Bmp3,4.2063913,2.128579,2.5948096743006617e-05,0.002412222053056815,0.3968253968253968,0.09304578728290512,0.1972227,0.048653323
Runx2,4.2056403,0.91395545,2.6034402507870352e-05,0.002412222053056815,0.8253968253968254,0.5154657671881728,0.88637877,0.5636026
Fam135b,4.19979,0.90036327,2.671628113363915e-05,0.002466895099865581,0.9206349206349206,0.7004090713362997,1.6527034,1.1821727
Rorb,4.192242,1.4631811,2.762109047504544e-05,0.0025417078803577774,0.5396825396825397,0.2414956222190326,0.707083,0.3169054
Tiam2,4.190858,1.045476,2.7790181534905333e-05,0.0025417108365702835,0.6666666666666666,0.3848141237261375,0.5482862,0.30292478
Ncam2,4.1906934,0.8142036,2.7810308371852003e-05,0.0025417108365702835,0.9206349206349206,0.8597674752404191,2.594926,2.0856342
Pcdh10,4.1884017,0.9677997,2.8092575318860756e-05,0.0025588050807382663,0.7619047619047619,0.5008970862638151,0.83114725,0.5083838
Hnrnpll,4.1862273,0.80220866,2.8362908237813774e-05,0.0025747004876691083,0.7777777777777778,0.5230371752547724,0.70727247,0.46360093
Gm13601,4.177131,2.915475,2.9520880763481098e-05,0.002667785974997588,0.3492063492063492,0.04499784699296684,0.15688121,0.02226353
A830036E02Rik,4.175473,1.2766298,2.9736749499841857e-05,0.002672329294517561,0.5238095238095238,0.22168795751399453,0.32825294,0.1487419
Syt1,4.1725087,0.6454164,3.0126409405171994e-05,0.0026983220690565716,0.9841269841269841,0.9508396727429309,3.568119,3.1365438
Csmd1,4.165845,0.7545006,3.1020164088986144e-05,0.002760540749842609,0.9841269841269841,0.9436270991818573,4.0954328,3.5838237
Sesn3,4.1657977,0.840377,3.102654657433822e-05,0.002760540749842609,0.8095238095238095,0.46343476388689536,0.61844254,0.39075252
Prpf39,4.161715,0.71867204,3.1586624955415576e-05,0.0027955203168528054,0.873015873015873,0.5624730874120856,0.72113144,0.496004
Sh3rf3,4.161418,0.86998177,3.162776986688697e-05,0.0027955203168528054,0.8888888888888888,0.6176618343619923,1.108468,0.7469544
Hmgcll1,4.1569443,0.8325498,3.225329490242633e-05,0.0028414624066498213,0.8095238095238095,0.5627601550165063,0.89253336,0.5929651
Cdkl5,4.1540813,0.7845498,3.2659690822852014e-05,0.002867862393496842,0.8888888888888888,0.6858045069613894,1.2582793,0.90120935
Zbtb16,4.1527753,0.87252814,3.284673476373905e-05,0.002874891736487519,0.8412698412698413,0.5792306588201521,1.0207386,0.6778393
Galnt14,4.151125,1.2077379,3.3084515100719e-05,0.002886301690767271,0.6666666666666666,0.40117697717812545,0.73341525,0.38425943
Syt16,4.145877,0.82916504,3.3851594437830046e-05,0.002936273153828743,0.873015873015873,0.6696569542127171,1.3054328,0.92174774
Elapor2,4.1457124,0.84640646,3.3875871890097145e-05,0.002936273153828743,0.7301587301587301,0.47053968709631117,0.65066373,0.41204515
Gm10033,4.1422634,1.1174989,3.438953481091707e-05,0.0029712115767502947,0.5555555555555556,0.25322951054973447,0.3062371,0.15284072
Gm26871,4.1334248,0.81021935,3.573969759388269e-05,0.0030779669049603455,0.9047619047619048,0.7995909286637003,2.4082074,1.9122053
R3hdm2,4.1199017,0.7823526,3.7903402670689645e-05,0.0032528888118862017,0.9047619047619048,0.6919764604564375,1.1907682,0.84639305
Map6,4.119237,0.9199596,3.801291726580824e-05,0.0032528888118862017,0.7619047619047619,0.502906559494761,0.6840982,0.418054
Rnf217,4.1164603,0.89262253,3.8473557032719866e-05,0.0032818554840291516,0.7619047619047619,0.4859336873833788,0.682807,0.42366695
Adgrg6,4.112714,2.8947802,3.9103499517753266e-05,0.003325034911525412,0.3492063492063492,0.05210277020238266,0.23124814,0.03438403
St8sia5,4.111181,1.0554024,3.93640750466375e-05,0.0033366331119973175,0.6666666666666666,0.36906128893354384,0.48090443,0.26015887
Rims3,4.1048374,1.6511035,4.045989336348248e-05,0.0034187337568452017,0.4126984126984127,0.10779388546002584,0.1776507,0.060058743
Cask,4.102812,0.67364246,4.0815908718572756e-05,0.0034324801871737807,0.873015873015873,0.7360772211855892,1.325034,1.0049419
Mafg,4.10246,0.8939038,4.087806698532229e-05,0.0034324801871737807,0.6507936507936508,0.34247165207406344,0.3768908,0.22020979
Gm15581,4.0945992,3.5162983,4.228989805815816e-05,0.0035399674791984728,0.3333333333333333,0.03807234103631405,0.20013607,0.019179014
Ptk2,4.0938406,0.6911832,4.2428585727166673e-05,0.003540546889717293,0.9206349206349206,0.7973661547294388,1.7075801,1.3341388
D130043K22Rik,4.0915723,0.8352449,4.2845796942246116e-05,0.003564292767300784,0.7142857142857143,0.39407205396870965,0.4502917,0.27671385
Slc4a10,4.0787296,0.7058208,4.5282449164580425e-05,0.003755368546457642,0.9047619047619048,0.774077795320798,1.7834506,1.395011
Dcx,4.0683975,0.8495362,4.7337560432940965e-05,0.003913723842563457,0.7936507936507936,0.4832424285919334,0.7177753,0.45909375
N4bp2l1,4.0627112,0.84333485,4.8505986300107156e-05,0.003998024085533371,0.7301587301587301,0.41646332711353523,0.48288792,0.29711914
Arhgap15,4.061609,0.9103439,4.8735742963141245e-05,0.004004677105258731,0.6825396825396826,0.3786421702310894,0.5535292,0.33174184
Dtnb,4.0512843,0.81194645,5.0937275059975444e-05,0.004164200371256569,0.9365079365079365,0.7269628247452276,1.4525486,1.0525384
Jakmip1,4.0507994,0.8409498,5.104296361397963e-05,0.004164200371256569,0.7142857142857143,0.4045859049806229,0.45935234,0.28179115
Rps6kc1,4.050346,0.72769433,5.1142021678997674e-05,0.004164200371256569,0.7777777777777778,0.4886967130759294,0.58165026,0.38963652
Dlgap2,4.048289,0.8718541,5.159348939059447e-05,0.004180535226679424,0.9365079365079365,0.8128678053681642,2.6762288,2.1274621
Lcorl,4.0478587,0.91644835,5.168837911335866e-05,0.004180535226679424,0.8888888888888888,0.6647409214870101,1.2592288,0.84867895
Slc6a17,4.047311,0.81222665,5.1809387066775155e-05,0.004180535226679424,0.7619047619047619,0.5074278742643893,0.6609281,0.42748043
Rai14,4.0426965,1.1097662,5.2840032779369126e-05,0.00425093317599296,0.49206349206349204,0.17719247882876418,0.2757419,0.13725737
Mast2,4.0386133,0.8205037,5.376806270499068e-05,0.0043126801339794015,0.9047619047619048,0.6450050236830773,1.0687953,0.7336106
Dhcr24,4.0301666,0.98394203,5.5737380448331535e-05,0.004457331585257942,0.5238095238095238,0.2221544423711784,0.26299062,0.14157817
Pgr,4.02825,1.0856917,5.6193535518833e-05,0.004480475665848791,0.6190476190476191,0.3126883881154012,0.3722635,0.19268696
Bend6,4.0177927,0.8368527,5.8745793240373446e-05,0.0046701167584876765,0.7301587301587301,0.46641309028276157,0.60514057,0.38221872
Grem2,4.017042,1.3447258,5.893321452734593e-05,0.00467119608952739,0.49206349206349204,0.20263384527056122,0.27697957,0.11836461
Tmem91,4.012388,1.6867801,6.0107526963135365e-05,0.004750262498527787,0.42857142857142855,0.13998134060571266,0.22789878,0.07650324
4933406J09Rik,4.0107536,5.3394938,6.0525249393929296e-05,0.004769247657521643,0.30158730158730157,0.010621501363571121,0.16940764,0.0045488593
Klhl29,4.0008674,0.8617017,6.311074139512578e-05,0.004958437489143362,0.8571428571428571,0.6650638725419836,1.3691412,0.96068305
Sdk1,3.9985366,1.1254659,6.373534744356716e-05,0.00499291191197857,0.7142857142857143,0.4638653652935266,1.0075178,0.58610934
Pde4b,3.9954393,0.8316483,6.457441909530854e-05,0.00504078757626768,0.9206349206349206,0.7633127601550165,2.1421304,1.6532707
Ngef,3.9948995,1.1636683,6.472168640909377e-05,0.00504078757626768,0.5714285714285714,0.2968279029711497,0.40543225,0.20144264
Dmxl2,3.991286,0.74756986,6.571595751199136e-05,0.0051034328853965544,0.9206349206349206,0.7267834074924645,1.3769654,1.0169314
Dtx4,3.990371,1.0891604,6.597003781245299e-05,0.005108400334353348,0.5238095238095238,0.24393569685660974,0.29294214,0.14840558
Plec,3.9886267,0.95924205,6.645688732397347e-05,0.005131311960905653,0.6666666666666666,0.36970719104349076,0.4349727,0.24706924
Sema3e,3.9857955,1.0018015,6.725444569752739e-05,0.0051780142002652175,0.7142857142857143,0.4381010477967561,0.86867243,0.5253256
Mtmr7,3.9833317,0.7882056,6.795581537107874e-05,0.005217065025773959,0.7777777777777778,0.4686737476675757,0.5586048,0.35996196
Prkaa2,3.9698005,0.8621927,7.193281370017476e-05,0.005506651578699988,0.7301587301587301,0.47710635854743794,0.6256611,0.3909029
Tshz3,3.9663513,0.8985329,7.298126645779371e-05,0.00557104156170715,0.6825396825396826,0.38746949906703027,0.59933084,0.36489034
Pla2g4e,3.9640832,1.1183823,7.367858496518416e-05,0.005608338747916426,0.5555555555555556,0.25046648485718387,0.31291473,0.15634596
Rian,3.9587488,0.8942029,7.534340232303254e-05,0.005718862204575945,0.9365079365079365,0.7614109372757284,2.0917273,1.5726752
Gm5468-1,3.9490895,1.3627771,7.844904757988264e-05,0.005937819460482948,0.49206349206349204,0.2178125448543132,0.2963549,0.12586321
Mmp16,3.9469697,0.79768836,7.914653509979826e-05,0.005973784826212301,0.9206349206349206,0.7884311755418401,2.0542166,1.5917315
Sorbs2os,3.9457965,1.1344388,7.953511465631656e-05,0.00598119129512363,0.5396825396825397,0.25592076934117985,0.30196652,0.14891565
Lzts1,3.9449675,1.0304443,7.981079766992809e-05,0.00598119129512363,0.6666666666666666,0.3958303430457873,0.5346549,0.297174
Gm11639,3.9446626,2.627783,7.991245533864471e-05,0.00598119129512363,0.36507936507936506,0.08515142816133199,0.27012545,0.048958197
Pclo,3.9433014,0.6028618,8.03674980636455e-05,0.00599854075825043,0.9206349206349206,0.8328548873259652,2.0781255,1.7231526
Met,3.9395707,2.17626,8.162753645187187e-05,0.006075711646708579,0.38095238095238093,0.09882302282187455,0.2472276,0.060204457
Olfm2,3.9347527,0.9607385,8.32823965150395e-05,0.006181762415356662,0.6031746031746031,0.2990167934548586,0.37881356,0.21238826
Dnajc21,3.9333136,0.789048,8.378282292531075e-05,0.006201775349870798,0.6031746031746031,0.2850222477393426,0.29078498,0.17840269
Adar,3.9308343,0.7451824,8.465164202956042e-05,0.00624887258608321,0.8253968253968254,0.5326180565523181,0.6748193,0.4542069
Frmd3,3.9257972,0.7876441,8.644297249313373e-05,0.0063636237558643925,0.6825396825396826,0.36615472943878286,0.44258523,0.27952763
Pacrg,3.92173,0.84274787,8.791546271825206e-05,0.006454340118140527,0.7936507936507936,0.5491244438065165,0.83779824,0.5487799
Gm1043,3.9108505,0.847746,9.19717213130408e-05,0.0067337333833280815,0.746031746031746,0.4603129036888187,0.5911854,0.37013298
Prickle1,3.9092393,0.77639276,9.258725179651856e-05,0.006760378955903407,0.9047619047619048,0.7419621070762165,1.6876563,1.2733454
Strbp,3.9039755,0.5775748,9.462541339305337e-05,0.006890473869570038,0.9047619047619048,0.8268264676331276,1.9594938,1.6262304
Mkx,3.8920634,1.2063801,9.939529039291392e-05,0.007218247169885397,0.5555555555555556,0.2791014783981628,0.4681258,0.2300886
Lrrc7,3.8699756,0.72893107,0.00010884624802088105,0.007862093237422242,0.9365079365079365,0.8632481699440219,2.93888,2.4678333
Mdga2,3.8642504,0.43837348,0.0001114309105751248,0.008027207954835398,0.9365079365079365,0.9128032151571696,3.0369403,2.7499666
Nek1,3.862373,0.68428266,0.00011229086908669376,0.008067528482244549,0.8412698412698413,0.5861202813262524,0.8103407,0.5749639
Pex5l,3.8563976,0.9340387,0.00011507027556152432,0.008245168811568422,0.9365079365079365,0.7802138653652936,2.2500396,1.6942601
Cntnap5a,3.8554902,0.9949982,0.00011549791088247703,0.008253800173968505,0.9206349206349206,0.7050380364575858,1.9998518,1.4362886
Stxbp1,3.8543563,0.8614649,0.0001160345628758889,0.008258037978070107,0.8888888888888888,0.621501363571121,0.97524494,0.6466573
Hook1,3.8540668,0.7723818,0.00011617187777113884,0.008258037978070107,0.8253968253968254,0.5492320941581742,0.75030357,0.50339377
Gm50304,3.8422096,1.2584193,0.00012193168794719274,0.008644602784013375,0.5238095238095238,0.272534806947036,0.3452591,0.15902336
Mtcl1,3.8406296,0.93827724,0.0001227191766703199,0.008677537571398672,0.6825396825396826,0.40943017080522465,0.54037327,0.3177162
Ptpn5,3.8350372,0.90992093,0.00012554526762268803,0.008854071761211621,0.6984126984126984,0.44316061432467346,0.5748355,0.34603038
Gprin3,3.833606,1.0263919,0.00012627838679241625,0.00888246139558174,0.5555555555555556,0.2744007463757715,0.33137843,0.17637305
Kcnk9,3.8296795,0.7698257,0.0001283102282924599,0.009001816799525844,0.6666666666666666,0.3706760442084111,0.40972158,0.26005134
St3gal5,3.82318,0.7278401,0.0001317415589653623,0.009218478357810637,0.8095238095238095,0.5507033156308311,0.75797236,0.52157736
Tspan5,3.820372,0.720317,0.00013325051436325193,0.009299847586858648,0.8888888888888888,0.7380508109659825,1.501626,1.1370943
Gm19410,3.8162189,1.2510978,0.00013551230841392728,0.009433201365497995,0.47619047619047616,0.19961963542414238,0.28864378,0.13153838
Wdr95,3.809461,2.9218044,0.00013926998454306526,0.009669727350574066,0.3333333333333333,0.059961245873403186,0.21537083,0.0312209
Opn3,3.8061762,2.7809875,0.00014113188181884932,0.009758794613939324,0.31746031746031744,0.039148844552892206,0.1179454,0.018049227
Bcl11a,3.805918,0.8746953,0.00014127916281438024,0.009758794613939324,0.9047619047619048,0.6795607865652361,1.514724,1.0767237
Unc80,3.8040879,0.7634365,0.00014232767898922718,0.009806012139591114,0.9365079365079365,0.7503947179560787,1.7540689,1.3388693
Vps13a,3.8028598,0.79103816,0.00014303527403208334,0.00982955962466005,0.9206349206349206,0.7085546146117411,1.3508692,0.9758124
Nmt2,3.8006933,0.7581828,0.00014429179174452986,0.009865446422838467,0.8412698412698413,0.5793024257212573,0.832649,0.5699951
Raph1,3.7986677,0.78000313,0.00014547605549382794,0.009921171601825271,0.8412698412698413,0.6008324960528204,0.9556679,0.6585685
Dusp22,3.790846,0.9622535,0.00015013494123781095,0.010212976888759445,0.5714285714285714,0.29227070475096883,0.32099605,0.17753223
Ssbp2,3.785559,0.7177809,0.00015336353357237834,0.01040625794719648,0.9047619047619048,0.7723912731448256,1.6853622,1.3007199
Kalrn,3.7843935,0.76990026,0.00015408389767090713,0.010428801839842001,0.9365079365079365,0.8468135495909287,2.769602,2.279195
Pbx1,3.782962,0.62508214,0.00015497299829583805,0.010462624281932583,0.9047619047619048,0.8132984067747955,1.9995624,1.6371382
Fbxo3,3.7792392,0.8168542,0.00015730830028837703,0.010593669244984187,0.7142857142857143,0.40261231520022966,0.45229092,0.2811568
Grik5,3.7754614,0.7254278,0.00015971177082543803,0.0107286382051988,0.8095238095238095,0.563980192335295,0.74971116,0.51593995
Cyb5a,3.7738502,1.0496901,0.00016074732963027057,0.010771273683704166,0.5396825396825397,0.2843404621788431,0.35916278,0.18958662
Snap25,3.7694232,0.63147324,0.00016362522678260984,0.010936840407086383,0.9682539682539683,0.8531649203387398,2.2319381,1.851491
Brinp3,3.767202,0.9238755,0.0001650874583742836,0.011007196045947893,0.8571428571428571,0.6306516434620353,1.5622867,1.0942612
Unc5c,3.7658176,0.8143332,0.0001660049880387024,0.011021992232905523,0.9365079365079365,0.8073058705325105,2.227652,1.7417712
Arhgap1,3.7656298,0.9154854,0.0001661297675596106,0.011021992232905523,0.49206349206349204,0.20058848858906272,0.19409093,0.10756675
Gm31508,3.7635102,1.3982015,0.00016754487323516538,0.011088499369036683,0.4444444444444444,0.17428591933400317,0.21889612,0.08878023
Vipr1,3.756995,1.5936569,0.00017196595213367542,0.011353133006957884,0.4444444444444444,0.17712071192765896,0.24577007,0.08829534
Klf6,3.7461545,1.1260208,0.00017956605249118206,0.011825832917740347,0.4603174603174603,0.181749677048945,0.21352716,0.10351566
Gm41361,3.7454505,0.8979294,0.00018007032848485257,0.011830048230777478,0.5873015873015873,0.29869384239988517,0.30055192,0.17240086
Nptx2,3.7409532,2.375806,0.00018332365353733037,0.012014406269629432,0.3492063492063492,0.08063011339170374,0.21846904,0.045970898
Bmpr1b,3.7318568,1.513218,0.00019007348943259338,0.012426459029327942,0.4444444444444444,0.17773073058705324,0.47873572,0.19483727
Cacna1g,3.7309027,1.1159016,0.00019079493432472316,0.01244334923617794,0.5079365079365079,0.23309889478972298,0.27023894,0.13379899
Erc2,3.7281651,0.76131934,0.00019287896170699375,0.012548807992898117,0.9523809523809523,0.8471365006459021,2.7872467,2.301456
Ubtd2,3.7121155,0.8324536,0.00020553408961933157,0.013339857459109756,0.6190476190476191,0.33421845844696424,0.35904297,0.21718663
Emc2,3.7045913,0.67248446,0.0002117317910949666,0.013708995727040367,0.7777777777777778,0.47193914166786277,0.53628796,0.3682824
C730002L08Rik,3.6896603,2.086381,0.00022455375462557452,0.014504229295166315,0.36507936507936506,0.09652648198650782,0.20250037,0.05150434
Arhgap44,3.688315,0.76601654,0.00022574411651931525,0.01454614966636451,0.8253968253968254,0.5836802066886752,0.86327434,0.59119713
Cdh18,3.6873138,0.8586458,0.00022663380849047773,0.014568541708466833,0.8412698412698413,0.583249605282044,1.2363895,0.85327834
Bsn,3.681346,0.69030106,0.00023200585993842673,0.014825778334871389,0.8571428571428571,0.6208913449117267,0.9417226,0.67777634
Pdgfc,3.6810331,1.2271516,0.00023229075842876273,0.014825778334871389,0.5873015873015873,0.3632122864934692,0.6129937,0.30848092
Fbxo32,3.673689,0.83908206,0.00023907381775140996,0.01522254379853172,0.4126984126984127,0.12699153150566958,0.16225024,0.093918554
Meg3,3.672109,0.90572494,0.00024055709278393515,0.015280777974241934,0.9523809523809523,0.9138079517726425,3.8582575,3.2487152
Arhgap32,3.6712487,0.71219486,0.00024136844337597718,0.015296155833755912,0.9365079365079365,0.7263528060858332,1.313774,0.97847193
Col19a1,3.6677368,0.84873605,0.00024470693052432125,0.015471235819267086,0.5555555555555556,0.27260657384814124,0.46638247,0.28514197
Klhl18,3.6666183,1.0042852,0.00024577925260650527,0.015502555205485439,0.5079365079365079,0.23302712788861776,0.24692625,0.13070081
Magi1,3.6616752,0.7284836,0.0002505714696093455,0.015767811214058815,0.9047619047619048,0.7487440792306588,1.5499594,1.1755409
Kcng1,3.659665,1.1763906,0.00025254515411345286,0.015854879184645978,0.47619047619047616,0.21182000861202813,0.25818968,0.12251949
Smpd4,3.6586716,0.9282004,0.0002535258505435244,0.015879346396513987,0.6031746031746031,0.3358690971723841,0.35872227,0.20437537
Ttc27,3.6567476,0.8995942,0.0002554356344335293,0.015961756970299844,0.5873015873015873,0.32061863068752694,0.3450535,0.19957422
Vps33a,3.6504748,0.70125854,0.00026175594263319445,0.016242509041496163,0.6349206349206349,0.35072484570116264,0.34451598,0.22551489
Zfp711,3.6502638,0.9760625,0.00026197125093948756,0.016242509041496163,0.5238095238095238,0.24472513276876703,0.26183015,0.14163554
Flot1,3.6500838,0.7897903,0.0002621547926755978,0.016242509041496163,0.5238095238095238,0.23356537964690685,0.23357475,0.14166318
Kirrel3,3.6498961,0.9755175,0.000262346443022305,0.016242509041496163,0.9365079365079365,0.7727142241997991,2.3512945,1.7631651
Lyzl4,3.646838,1.2882669,0.00026548730807549807,0.016399181535606055,0.4444444444444444,0.1758647911583178,0.21689805,0.09455906
Sidt1,3.6322587,0.7549411,0.0002809512223824424,0.017314585654624376,0.8571428571428571,0.5878068035022248,0.9529985,0.6648739
Entrep2,3.6255558,0.78934705,0.0002883406737682122,0.017697948864206,0.8888888888888888,0.6857327400602842,1.5266408,1.126401
Mapk10,3.6254227,0.63408095,0.0002884890808530788,0.017697948864206,0.9047619047619048,0.811970719104349,2.1586876,1.7809641
Rnf121,3.6201355,0.8129431,0.0002944487770298555,0.0180224114778866,0.6666666666666666,0.3694918903401751,0.38881618,0.23942004
Kcnj9,3.617218,0.72944665,0.00029778636532708604,0.018185271900770003,0.6190476190476191,0.3309171809961246,0.3263773,0.20926592
Mindy2,3.615951,0.6824596,0.0002992469427362162,0.018208814148631593,0.6984126984126984,0.4522750107650352,0.5223773,0.35590205
Mir670hg,3.6157086,1.1582216,0.0002995271996164929,0.018208814148631593,0.5079365079365079,0.2450839672742931,0.3638343,0.17950657
Herc6,3.6091151,1.9614631,0.0003072432747276024,0.01863572639262004,0.3492063492063492,0.08608439787569973,0.20174237,0.05580933
Camk2d,3.6058223,0.82899934,0.0003111660515304735,0.018831152713116715,0.8253968253968254,0.5599971293239558,1.1539198,0.7983469
Fam81a,3.6013093,0.7730718,0.0003166186152563281,0.019083817967290605,0.6984126984126984,0.42137935983924213,0.49993452,0.3217572
Lrp8,3.601192,0.76753247,0.0003167615486941425,0.019083817967290605,0.6666666666666666,0.40472943878283335,0.4481201,0.28676334
Ctnnd2,3.5969372,0.5275842,0.00032198627336007597,0.019317794654707725,0.9365079365079365,0.8851011913305583,2.797805,2.4586577
Grid2,3.596859,0.79087645,0.00032208306681462824,0.019317794654707725,0.9206349206349206,0.812616621214296,2.2489002,1.774924
Larp1b,3.595326,0.87385035,0.00032398572545197464,0.01938219830262693,0.5714285714285714,0.2870676044208411,0.29903167,0.17412241
Cd46,3.5948331,0.7812149,0.00032459952497886557,0.01938219830262693,0.7301587301587301,0.4958734031864504,0.6244312,0.40852278
Lrrk2,3.590109,0.8649601,0.00033053969462234367,0.019693129921291297,0.6349206349206349,0.38384527056121714,0.47461095,0.28780207
Dnajc6,3.5892956,0.7234394,0.00033157271468094206,0.019710970892648037,0.9047619047619048,0.7065092579302426,1.2976937,0.95994055
Osbpl2,3.5860732,0.9033911,0.0003356948264583131,0.01991196465107036,0.5873015873015873,0.3211927658963686,0.3539423,0.20460647
Slc7a8,3.5833435,0.70244336,0.00033922407664229977,0.0200176071652071,0.7301587301587301,0.4583393139084254,0.54598916,0.36903858
Rxfp1,3.583195,1.4058472,0.0003394172063414804,0.0200176071652071,0.4444444444444444,0.18401033443375914,0.40120777,0.17083356
Tenm1,3.5827959,0.74623346,0.0003399361158881398,0.0200176071652071,0.873015873015873,0.752547724989235,1.9004072,1.4796247
Pitpna,3.575436,0.64892006,0.00034964470384526183,0.020439693578231936,0.8571428571428571,0.5821372183149132,0.7621563,0.5474783
Mlip,3.5753422,0.79804724,0.00034977016988215804,0.020439693578231936,0.8095238095238095,0.588237404908856,1.0719736,0.7442683
Zdhhc1,3.5752327,0.8020587,0.0003499166001483696,0.020439693578231936,0.5714285714285714,0.27971149705755705,0.26755166,0.16206497
Slc41a2,3.5732694,0.8291154,0.0003525516344746443,0.020504464108947386,0.6031746031746031,0.33784268695277736,0.35208726,0.21313488
Stk38l,3.5657375,0.7751518,0.00036283451501044393,0.02105694042835989,0.5238095238095238,0.24321802784555763,0.23288998,0.14257132
Fap,3.5641966,2.2472563,0.0003649723351221089,0.021135359148127298,0.31746031746031744,0.056372900818142675,0.15331315,0.034303207
Ntng1,3.5561795,0.8551487,0.0003762868469048006,0.021697054884832603,0.8412698412698413,0.569793311324817,1.3312782,0.93218803
Kcnab1,3.5461369,0.79093015,0.0003909230545291433,0.02244732834559568,0.8412698412698413,0.6761877422132913,1.5041926,1.1063135
Rap2b,3.5461056,0.8157864,0.00039096947025451357,0.02244732834559568,0.5714285714285714,0.2889694273001292,0.301811,0.18244182
Nrep,3.5426407,0.71162045,0.0003961419987402351,0.022695811313752912,0.5555555555555556,0.2609444524185446,0.28012028,0.18016161
Slc6a7,3.539872,0.94566,0.000400321237338324,0.02287036767486306,0.6190476190476191,0.3442299411511411,0.40363595,0.22966099
Vsnl1,3.5394964,0.6771887,0.00040089107461334204,0.02287036767486306,0.873015873015873,0.6695134204105067,1.1954875,0.8926603
Nr6a1,3.5387535,0.70737135,0.00040202111230453386,0.02288624425343819,0.8571428571428571,0.6264532797473805,0.989263,0.71027845
Esrrg,3.535969,1.0289422,0.000406282303730671,0.023079927063938962,0.6825396825396826,0.5263743361561648,0.9620324,0.58358073
Rheb,3.5287576,0.47389328,0.00041751525256043456,0.023668005983752904,0.746031746031746,0.45141380795177266,0.4676078,0.3571525
Eml1,3.5155706,0.64627665,0.0004388098436281014,0.024822779996393866,0.746031746031746,0.48342184584469644,0.6038024,0.42507777
Il34,3.5137014,1.0381181,0.0004419092435052722,0.024945591119719883,0.47619047619047616,0.22057557054686378,0.24194492,0.12512788
Smg5,3.5121918,0.8318579,0.0004444270066588471,0.025035122995646166,0.6031746031746031,0.3440864073489307,0.35721472,0.21608427
Pdzrn3,3.5098846,0.8373306,0.0004483012867605322,0.025177528431324026,0.6825396825396826,0.39274436629826326,0.8033189,0.52475977
Ajap1,3.5095718,0.79676205,0.00044882903307049527,0.025177528431324026,0.5873015873015873,0.31247308741208557,0.324683,0.19951487
Sema3a,3.5046442,0.8945278,0.00045721789492063873,0.025594676742744925,0.49206349206349204,0.2234462465910722,0.31451523,0.18133263
Etv1,3.5026731,0.994029,0.0004606142250348871,0.025731193818476956,0.6825396825396826,0.46533658676618345,0.8378529,0.50586563
Mcf2l,3.495188,0.6927178,0.0004737278074198644,0.026408851006995342,0.7619047619047619,0.5097961820008612,0.6010977,0.4120252
Tfrc,3.4941635,0.6953303,0.0004755497350969159,0.026455530811706277,0.6349206349206349,0.36468350796612603,0.38544467,0.25496972
Hacd1,3.49195,0.6243735,0.00047950798970779933,0.026620619180678862,0.6825396825396826,0.39127314482560643,0.40210593,0.27845567
Mthfr,3.487617,1.1170998,0.00048734577090133634,0.026999960544575066,0.4444444444444444,0.18831634850007176,0.19563575,0.094963446
Chga,3.4840112,0.8648456,0.0004939587273791397,0.02731002264336931,0.47619047619047616,0.22179560786565236,0.2574364,0.14947332
Ppm1k,3.4833934,0.950911,0.0004951003308665519,0.027316932013109342,0.5873015873015873,0.34394287354672026,0.4009632,0.22726922
Phf21b,3.4753215,1.7031128,0.0005102411822904507,0.028037179075959935,0.3492063492063492,0.09584469642600832,0.16219932,0.052670874
Zcchc2,3.4728265,0.7186384,0.0005150079820527457,0.028241356077055666,0.5555555555555556,0.28943591215731307,0.27153662,0.17359994
Fam193b,3.4647393,0.6204054,0.000530745843119265,0.029045093288420882,0.7777777777777778,0.47297976173388834,0.50156873,0.3532378
Nabp1,3.4633157,1.4181267,0.0005335619097313825,0.029089202644616858,0.4126984126984127,0.16359265106932683,0.20784792,0.08291499
Adra1b,3.4632375,1.5579246,0.0005337170414512881,0.029089202644616858,0.3333333333333333,0.07564231376489164,0.13473548,0.047825426
Snap91,3.4552753,0.659738,0.0005497312025045632,0.02990137127793039,0.8888888888888888,0.722010908568968,1.3280553,1.0136803
Col6a1,3.4496908,1.8138599,0.0005612289855950314,0.030381201182966087,0.3333333333333333,0.07740060284196928,0.1606993,0.048394784
Cep126,3.4495265,0.6948925,0.0005615705220514877,0.030381201182966087,0.6507936507936508,0.3701019089995694,0.38792437,0.25678355
Ide,3.4493465,0.6362871,0.0005619448078873891,0.030381201182966087,0.746031746031746,0.4851801349217741,0.5529223,0.38866714
Arpp19,3.448416,0.6228833,0.0005638850437469995,0.030424881778076056,0.6190476190476191,0.366047079087125,0.3815434,0.2636406
Chd5,3.446695,0.49930638,0.0005674884730039211,0.030557946432094907,0.6666666666666666,0.378319219176116,0.36417413,0.27063668
Nuak1,3.4443567,0.7852087,0.0005724202454149357,0.030652199914973657,0.6349206349206349,0.3898019233529496,0.46468776,0.29508358
Zbtb46,3.4438794,1.1347184,0.0005734312820505236,0.030652199914973657,0.42857142857142855,0.16531505669585186,0.19049694,0.09127564
Spaca6,3.4438012,0.77458507,0.000573597184314279,0.030652199914973657,0.5873015873015873,0.3300559781828621,0.31586125,0.19649376
Vta1,3.443371,0.789846,0.000574510445940251,0.030652199914973657,0.6349206349206349,0.37207549877996265,0.40406388,0.25308147
C7,3.4431677,2.5921552,0.0005749426407572283,0.030652199914973657,0.30158730158730157,0.05188746949906703,0.14322597,0.025216812
Cspg5,3.4404068,0.39379343,0.0005808405534196726,0.03090531815918139,0.7301587301587301,0.40957370460743503,0.46269733,0.37005264
Magi3,3.439437,0.82118446,0.0005829256759117753,0.03095496622875376,0.7142857142857143,0.5534663413233817,0.95491326,0.64431524
Ap1b1,3.435667,0.68055296,0.0005910971194149406,0.031326981456961445,0.6984126984126984,0.414848571838668,0.43697894,0.29410642
Kcnh7,3.4338446,0.8458108,0.0005950853315777754,0.03145523971455291,0.9365079365079365,0.7967561360700445,2.3730986,1.858494
Caln1,3.4334927,0.73224974,0.0005958584672388327,0.03145523971455291,0.8888888888888888,0.7027056121716664,1.5717669,1.1928827
Rims1,3.4311697,0.5623065,0.0006009846577318121,0.0316636426534388,0.9206349206349206,0.8441581742500359,2.5265975,2.1742253
Ctnnd1,3.4291751,0.6629756,0.0006054186512721836,0.03183483201503635,0.7777777777777778,0.5047724989234965,0.6104342,0.42611772
Ccser1,3.4273293,0.6108713,0.0006095493777761382,0.03198943707196256,0.9523809523809523,0.8623510836802067,2.6471047,2.2603562
Tmem178,3.4255538,0.74688345,0.0006135473095245035,0.03213648383415869,0.7142857142857143,0.5063513707478111,0.7129796,0.48227862
Plat,3.4160664,1.0283469,0.0006353274311531283,0.03319378489279018,0.42857142857142855,0.16797043203674467,0.1816191,0.09316362
Cacna2d3,3.415691,0.8764137,0.0006362039158833994,0.03319378489279018,0.9523809523809523,0.7459092866370031,2.0314853,1.5280069
Adrb1,3.4139702,1.0734719,0.000640235548181016,0.03333939763493004,0.4444444444444444,0.19262236256638438,0.21240474,0.106563784
Gm38875,3.4126015,2.3945873,0.0006434594845382914,0.03339802863110531,0.30158730158730157,0.0502727142241998,0.12620011,0.025258798
Vegfd,3.4124372,1.9376541,0.0006438473699632509,0.03339802863110531,0.31746031746031744,0.06659968422563514,0.13198994,0.036169935
Etv5,3.4001656,0.8217456,0.0006734508643258423,0.03479927831622189,0.6031746031746031,0.367410650208124,0.4818905,0.30031097
Ccl25,3.39699,0.6611728,0.0006813146570584153,0.03508978777839601,0.6984126984126984,0.4065953782115688,0.410605,0.2784428
Gmeb2,3.3923752,0.9467154,0.0006928945871607952,0.03559861865585195,0.5396825396825397,0.30439931103774936,0.3358885,0.18822165
ENSMUSG00000121395,3.3913195,0.6508472,0.0006955698232948893,0.03566786479376656,0.8095238095238095,0.5221759724415099,0.6548242,0.46311346
Silc1,3.3903418,0.837379,0.0006980554499619655,0.03572714274376765,0.6031746031746031,0.3398521601837233,0.37684295,0.2280451
Arap2,3.3805337,0.64946586,0.0007234521209723436,0.036956575077047284,0.8253968253968254,0.5786565236113105,0.9301577,0.68235457
Bicd2,3.3774364,0.78836805,0.0007316487679602989,0.03730436887114465,0.5555555555555556,0.2826180565523181,0.28428268,0.17427248
Rit2,3.3757079,0.70428467,0.0007362605810402269,0.03746841252377064,0.873015873015873,0.666750394717956,1.2238576,0.9055001
Nln,3.3685668,0.63331026,0.000755600657133385,0.0383586443314756,0.6984126984126984,0.42288646476245156,0.4618974,0.32098827
Arid5b,3.3681993,0.71930766,0.0007566089131254958,0.0383586443314756,0.8253968253968254,0.5809530644466772,0.9119871,0.64425194
Ttc39b,3.3647032,0.70158046,0.0007662607069772528,0.0387748120460994,0.6349206349206349,0.4010693268264676,0.45565683,0.303746
Dlgap4,3.363092,0.64228374,0.0007707471081393271,0.03892852405207466,0.8412698412698413,0.6112028132625233,0.876353,0.640977
Msmo1,3.3622472,0.823543,0.0007731089342646692,0.03897455359041588,0.5079365079365079,0.25387541265968133,0.3084623,0.18579075
Rab3c,3.3582034,0.72815335,0.0007845084343065994,0.03947517159142008,0.8888888888888888,0.6457226926941295,1.1949017,0.87146354
Nipal2,3.3568974,0.8762881,0.0007882238811344539,0.03958799193660332,0.5555555555555556,0.31322663987369026,0.36049595,0.21224514
6720427I07Rik,3.353761,0.68365216,0.0007972121984176378,0.039964723454257334,0.5714285714285714,0.31405195923640017,0.3003524,0.19730365
Rgs7,3.3530881,0.66253465,0.0007991522139661048,0.03998737428169318,0.9206349206349206,0.8077364719391417,2.199583,1.8029584
Ryr2,3.3511798,0.82627505,0.0008046803194167952,0.040189145321058155,0.9523809523809523,0.804435194488302,2.4018872,1.8968178
2810032G03Rik,3.3499205,1.332142,0.0008083473726854944,0.04029739128767947,0.38095238095238093,0.13111812831921918,0.14609507,0.060604475
Sytl2,3.3485048,0.44271728,0.0008124884733345265,0.04042882458981246,0.6031746031746031,0.31598966556624086,0.38234344,0.2946448
Cfdp1,3.3456578,0.66452,0.0008208760956215025,0.04074369739654906,0.7301587301587301,0.44936845127027414,0.50220156,0.34470245
Osbpl3,3.3453293,0.8856821,0.0008218490505742311,0.04074369739654906,0.6031746031746031,0.35151428161331993,0.4958319,0.29817447
Fmn2,3.3413405,0.54904014,0.0008337491880770734,0.04125753348734984,0.873015873015873,0.7548083823740491,1.4726716,1.1930299
Ccdc6,3.3400264,0.871256,0.0008377041003393142,0.041316241822519334,0.5873015873015873,0.3287282905124157,0.34533703,0.20333466
Terb1,3.3399248,1.5047982,0.0008380108594444747,0.041316241822519334,0.36507936507936506,0.11970719104349074,0.15913449,0.05900815
Atxn1,3.3388455,0.6273998,0.0008412736552778124,0.04140114124050333,0.9047619047619048,0.7898665135639443,1.8886507,1.5329581
Atad2,3.3355527,1.5276371,0.0008513004952145714,0.04181799690386752,0.38095238095238093,0.14278024974881584,0.21294019,0.07909768
Agfg1,3.328654,0.6372103,0.0008726671694920292,0.04278935555520223,0.8412698412698413,0.5874120855461461,0.77287424,0.5594308
Rspo3,3.3258932,0.9268863,0.0008813571710163493,0.04305830397310783,0.5555555555555556,0.3184656236543706,0.43087894,0.24943845
Gtdc1,3.3248293,0.6443516,0.0008847265157069966,0.04314446729046642,0.9047619047619048,0.7295105497344625,1.4025918,1.085659
Acsl4,3.324235,0.66721064,0.0008866145816991207,0.043158213424375674,0.7777777777777778,0.5070331563083106,0.63488054,0.44368383
Gm20642,3.3206606,1.0634476,0.0008980468029140998,0.0434893763298042,0.47619047619047616,0.2326324099325391,0.2586495,0.13211513
Zc2hc1a,3.3206372,0.6181363,0.0008981222996828186,0.0434893763298042,0.7142857142857143,0.4533156308310607,0.4894102,0.34453607
Crhr1,3.3205903,1.583788,0.0008982733108686763,0.0434893763298042,0.38095238095238093,0.14658389550739198,0.20421657,0.07286274
Nrn1,3.3192294,0.6431675,0.0009026628861038834,0.04362329451368947,0.7142857142857143,0.4156021243002727,0.51181084,0.3562209
AI504432,3.3172035,1.2188529,0.0009092336261753215,0.04386195248712907,0.4444444444444444,0.20066025549016794,0.25669414,0.11843129
Dnaaf11,3.3165934,1.4146917,0.0009112211268890467,0.04387905318908366,0.36507936507936506,0.11687239844983494,0.14155672,0.055470977
Gpr45,3.303868,0.6382458,0.0009536073480178881,0.04575612400221545,0.8253968253968254,0.5083249605282044,0.6274667,0.44520348
C1ql3,3.2989404,0.64845014,0.0009705049486721546,0.0464464581765968,0.746031746031746,0.5086120281326252,0.8214124,0.5947528
Pknox2,3.2986667,0.67075545,0.0009714517862019874,0.0464464581765968,0.8095238095238095,0.5613607004449548,0.8297116,0.59444314
Gm55122,3.2903447,0.8345622,0.0010006472068370235,0.047757354258811405,0.5396825396825397,0.29363427587196783,0.33562112,0.20182471
Syt7,3.2884831,0.68139434,0.001007287968775787,0.04798905624291737,0.873015873015873,0.6354241423855318,1.0614568,0.7788178
Ppp3cc,3.2842362,0.62990564,0.0010225919559733597,0.048531730846702564,0.746031746031746,0.48213004162480266,0.55762625,0.39367414
Pkia,3.2839546,0.59960204,0.0010236141531849887,0.048531730846702564,0.8253968253968254,0.6325534663413234,0.9292488,0.6988406
Ak4,3.2838216,1.0900172,0.001024097186084122,0.048531730846702564,0.42857142857142855,0.1870604277307306,0.21138315,0.10487688
Camk4,3.2831178,0.7249904,0.0010266579357460723,0.048567427347705916,0.8888888888888888,0.6260944452418544,1.2057751,0.88182694
