names,scores,logfoldchanges,pvals,pvals_adj,pct_nz_group,mean_expr_Emx1_Control (for_DEGs),mean_expr_Nestin_Control (for_DEGs)
Uqcrc1,-2.7892935,-1.041241,0.005282316129772761,0.04955124141144591,0.29910714285714285,0.26912093,0.13981001
Eif5a,-2.791805,-1.5747335,0.005241494540099915,0.04926205402368452,0.19196428571428573,0.24581815,0.089429244
Nsg2,-2.792642,-0.40137258,0.005227950809426869,0.04918164792952242,0.8348214285714286,0.97919375,0.81474364
Bbip1,-2.798502,-0.8409111,0.00513402660534312,0.04843671607854337,0.42410714285714285,0.40062618,0.243027
Ndufb8,-2.8043618,-1.1866661,0.005041630083657248,0.04797821524592356,0.27232142857142855,0.30853882,0.14737134
Zfp706,-2.8185928,-1.0191717,0.004823465701919384,0.04648538451145963,0.30357142857142855,0.31163067,0.16586328
Nedd8,-2.8252897,-1.0950129,0.004723786442750997,0.04561391825571213,0.3392857142857143,0.33539906,0.17104983
Ndufs1,-2.832824,-0.53463215,0.004613878927185338,0.044727858744464354,0.625,0.5643428,0.42099398
Dnaja2,-2.8437066,-0.7371184,0.004459209682946876,0.043399159194642885,0.49107142857142855,0.4427636,0.28830716
Ndufb2,-2.8437066,-1.1925876,0.004459209682946876,0.043399159194642885,0.30357142857142855,0.3061093,0.1455611
Hmgb1,-2.847892,-0.79492366,0.004400983468394293,0.04304493652271759,0.5178571428571429,0.5126391,0.32641652
Gm45323,-2.8688202,-0.9178854,0.0041200589105510445,0.04086484989851383,0.45535714285714285,0.7382474,0.4562336
Map1lc3b,-2.8692389,-1.457841,0.004114610263904439,0.04085190593336744,0.20982142857142858,0.23462716,0.091909
Ndufv3,-2.8692389,-1.076838,0.004114610263904439,0.04085190593336744,0.29017857142857145,0.30782,0.15775576
Gm56990,-2.87175,-2.5047631,0.004082055475276177,0.040610479243943315,0.049107142857142856,0.1270439,0.023588052
Atad1,-2.8721688,-0.4723478,0.00407665246148287,0.04059769355329254,0.6428571428571429,0.5824,0.45086068
Pitpna,-2.8771915,-0.3544428,0.004012320675742295,0.040037924637796846,0.78125,0.82027894,0.6902655
Scand1,-2.878447,-1.8651841,0.003996382405168502,0.03991928483541668,0.11160714285714286,0.1838592,0.053924102
Entrep3,-2.8838885,-1.4550525,0.003927978712553705,0.039395668491421135,0.17857142857142858,0.20715244,0.080614224
Bmyc,-2.8872368,-1.4206762,0.0038864144252472497,0.0390981222637884,0.19642857142857142,0.23687315,0.095163964
Cpsf6,-2.8981194,-0.34903273,0.0037540747938106093,0.03803846186246536,0.875,1.130211,0.97298634
Chga,-2.9098392,-1.047961,0.003616146869234705,0.03679214859007735,0.3125,0.30423552,0.1586952
Fam168b,-2.9106765,-0.68023515,0.003606473472668467,0.03676961940748544,0.4642857142857143,0.4026509,0.26956987
Tle5,-2.914862,-0.9116706,0.0035584586019683723,0.0363552780899546,0.38392857142857145,0.35969573,0.2071058
Glp2r,-2.9177918,-1.2592674,0.003525195000581667,0.03605279824765006,0.23660714285714285,0.28979233,0.13140424
Chchd2,-2.9198847,-0.84086424,0.0035016087704421777,0.035998290790187105,0.5223214285714286,0.50673306,0.3136463
Atp6ap2,-2.9362087,-0.61651224,0.0033225078530330497,0.034444379519508767,0.5669642857142857,0.5110707,0.36123246
Spcs1,-2.9383013,-1.7039062,0.003300159824165656,0.03428480053366618,0.14285714285714285,0.20465727,0.06738812
Ahcyl1,-2.9537883,-0.3421962,0.003138993486776546,0.0329226987086489,0.7633928571428571,0.7425677,0.6252797
Gpr162,-2.9667635,-0.8901241,0.00300952243663249,0.031801588105851784,0.3794642857142857,0.3528303,0.20561923
Nfs1,-2.970112,-0.7899064,0.002976910906679632,0.03149073458042328,0.4375,0.3893511,0.24319927
1600010M07Rik,-2.9793205,-1.4720277,0.0028888847430981377,0.03065825046523632,0.19642857142857142,0.24957435,0.09729654
4930547E14Rik,-2.9876916,-2.3553066,0.0028109296071824343,0.030024869986144766,0.07589285714285714,0.17053774,0.035693295
Tial1,-2.9902031,-0.3367283,0.0027879204853640286,0.02990871389031987,0.7991071428571429,0.7685399,0.65016043
Ndufc2,-2.9902031,-1.0021837,0.0027879204853640286,0.02990871389031987,0.3125,0.34216654,0.18539086
Mfn1,-2.9910402,-0.3526427,0.0027802890880538954,0.02990871389031987,0.8214285714285714,0.884918,0.7487012
Pigk,-3.0069456,-0.5122448,0.002638870563627791,0.02868426117619227,0.7142857142857143,0.7229736,0.55594367
Tpp2,-3.0123868,-0.4015679,0.0025920207763256947,0.028338864888062063,0.7366071428571429,0.67480636,0.5478434
Cnih2,-3.0136425,-1.4401926,0.002581317856967243,0.028276903057600052,0.24107142857142858,0.30768105,0.12466149
Sclt1,-3.0136425,-0.34355462,0.002581317856967243,0.028276903057600052,0.8839285714285714,1.1442664,0.9882898
Hjurp,-3.0136425,-0.8086875,0.002581317856967243,0.028276903057600052,0.45982142857142855,0.40488958,0.25072595
Zfyve9,-3.0178282,-0.30386326,0.0025459326565201784,0.028013783549812987,0.8839285714285714,1.213638,1.0703545
C130073E24Rik,-3.0186653,-0.8112217,0.002538909074797261,0.02796771460159352,0.6964285714285714,1.4885198,1.0835181
Bola2,-3.0190837,-2.4523787,0.0025354039337302367,0.02796034382846354,0.08482142857142858,0.18423404,0.036294855
Snrpg,-3.0211766,-1.806753,0.002517944527185996,0.02779889708121695,0.13839285714285715,0.20497349,0.06299826
Cyc1,-3.0220137,-1.666209,0.0025109916112868247,0.027753213335960543,0.17410714285714285,0.23365615,0.07967243
Ndufb10,-3.0241065,-1.5223938,0.0024936860917209166,0.027592874498626845,0.20089285714285715,0.2529359,0.095478974
4930517O19Rik,-3.0337334,-1.439485,0.002415477461297904,0.026817784111414455,0.22767857142857142,0.2860379,0.115194805
Atp6v1e1,-3.037919,-0.67808723,0.002382179274510018,0.02653774629084098,0.5178571428571429,0.4743406,0.3216069
Rp9,-3.043779,-0.69702023,0.0023362675642339555,0.02614445166377136,0.5178571428571429,0.4829157,0.32420674
Rcn2,-3.0450346,-0.6701286,0.0023265353743486153,0.02606512756329886,0.48660714285714285,0.442852,0.30020544
Fabp5,-3.045453,-1.6790113,0.0023232995708570656,0.026058487450602744,0.14285714285714285,0.21512708,0.07228089
Pfn2,-3.0471275,-0.96886224,0.0023103975308670912,0.025943290725305983,0.3392857142857143,0.3528089,0.19568577
Smim13,-3.0471275,-0.6627993,0.0023103975308670912,0.025943290725305983,0.5223214285714286,0.4839971,0.33162674
Iscu,-3.0504758,-1.4633255,0.0022847901144128365,0.02574370941485275,0.20535714285714285,0.25264242,0.0991534
Nudt3,-3.0601027,-0.71199155,0.002212610169573715,0.025073705358422137,0.46875,0.4150452,0.27311638
Pfn1,-3.0672183,-1.9349847,0.002160609567166631,0.024540840694350016,0.13392857142857142,0.21196511,0.05991573
Gm48512,-3.0680554,-1.3949628,0.002154566077217814,0.024500423247163124,0.22767857142857142,0.25720304,0.10573886
Ndufb7,-3.0739152,-1.3410153,0.0021126937125732566,0.024135628403545467,0.19642857142857142,0.23724495,0.100472294
Edf1,-3.0739152,-1.3976516,0.0021126937125732566,0.024135628403545467,0.16071428571428573,0.21930505,0.08898934
Mrpl41,-3.0764267,-0.92756146,0.0020949779349671164,0.02404468854579837,0.32589285714285715,0.30500558,0.17184876
Pgk1,-3.078101,-1.0679823,0.0020832432220968438,0.02393787287488669,0.30357142857142855,0.30392006,0.15649636
Hpca,-3.0931692,-1.3268394,0.001980312100573041,0.022969290587705422,0.26339285714285715,0.28680897,0.12435367
Lrpap1,-3.0931692,-1.0595251,0.001980312100573041,0.022969290587705422,0.35267857142857145,0.32415542,0.16863963
Rheb,-3.0940063,-0.60178816,0.00197473294591841,0.022958599190813212,0.5178571428571429,0.46074718,0.32616788
Chgb,-3.0960991,-0.6454026,0.0019608481246902523,0.022851065793523872,0.59375,0.54037625,0.37717962
Clta,-3.0998662,-0.82599574,0.0019360810819504747,0.022615904486907264,0.4017857142857143,0.36351925,0.22097199
Rmdn1,-3.1007032,-0.41690123,0.0019306164479914252,0.022578822729237794,0.8035714285714286,0.91230094,0.74957085
Eef1g,-3.1182828,-0.8929043,0.0018190812698858875,0.021686000289969726,0.41517857142857145,0.37693223,0.22037295
Arl8a,-3.128747,-1.1752748,0.001755534539374022,0.021132863276786915,0.27232142857142855,0.29728046,0.14262213
Park7,-3.1341882,-1.667386,0.0017233029148760277,0.020846679064739578,0.17857142857142858,0.23423386,0.07982217
Rap1gap,-3.1375368,-0.740992,0.001703739496444957,0.02066072287263325,0.4955357142857143,0.43009973,0.27880368
Cox14,-3.1379552,-1.5734003,0.001701308484624558,0.02066072287263325,0.18303571428571427,0.23116897,0.08377873
Vdac3,-3.143815,-1.068344,0.001667607652381204,0.02034770277825036,0.36160714285714285,0.34375897,0.1786723
9930021J03Rik,-3.1442337,-0.34321272,0.0016652241100496485,0.020343797398983253,0.8571428571428571,1.0393578,0.8922073
Saraf,-3.1509306,-1.036583,0.0016275112554820666,0.01993246393515242,0.35714285714285715,0.33446774,0.17699538
Ndufaf4,-3.1521864,-0.84764206,0.0016205282125549769,0.019871626427337707,0.41964285714285715,0.3954557,0.2386581
Maged1,-3.1526048,-0.67008,0.0016182066664953755,0.019871626427337707,0.5133928571428571,0.5068994,0.34704238
Nme2,-3.1542792,-1.5907643,0.001608951059926146,0.019803556179540417,0.17857142857142858,0.25265822,0.091146834
Snrpf,-3.1542792,-2.0083807,0.001608951059926146,0.019803556179540417,0.10714285714285714,0.18361856,0.048883002
Higd1a,-3.1551163,-1.3865895,0.001604341552494763,0.019803556179540417,0.23660714285714285,0.26263124,0.108740576
Gm45904,-3.1584647,-2.0208714,0.001586024821075835,0.01969347444708647,0.13392857142857142,0.23399223,0.06293915
Gm27032,-3.166836,-1.2634897,0.0015410720576992845,0.01925656453340589,0.28125,0.2864525,0.12941526
Sod2,-3.1793928,-0.5406517,0.0014758392975533885,0.018535413547234213,0.6651785714285714,0.61479783,0.45985743
Mir124a-1hg,-3.1923683,-0.38245192,0.0014111130779256235,0.017836107481113746,0.8392857142857143,1.060268,0.895145
Ptma,-3.1927867,-0.84888124,0.0014090693882626369,0.01783313876621481,0.4419642857142857,0.43659526,0.2653913
Ran,-3.193624,-1.9126337,0.0014049901935989915,0.017804368018884905,0.16517857142857142,0.25858697,0.07546024
Mpc2,-3.1969724,-0.67896867,0.001388782062686632,0.017644332933025135,0.5089285714285714,0.49398628,0.3357751
Strn3,-3.2095292,-0.28601363,0.0013295251386324948,0.0170674327366898,0.9553571428571429,1.515353,1.3641587
Ndufa2,-3.2137148,-1.2003105,0.001310297166132219,0.016908664608504643,0.25,0.2759027,0.1295058
Kpna4,-3.227109,-0.45631814,0.0012504788406078652,0.016329100515964163,0.7410714285714286,0.75489473,0.5997647
Ftl1,-3.2471998,-1.5893147,0.0011654654505448895,0.015423253526069885,0.18303571428571427,0.2598718,0.09405787
Brk1,-3.2580824,-1.0368825,0.0011216783547397416,0.014883750873996114,0.3169642857142857,0.3263195,0.17232116
Basp1,-3.276499,-0.47530112,0.0010510265011098182,0.014040745629324792,0.7991071428571429,0.9043577,0.7215613
Ythdf3,-3.295753,-0.42352524,0.0009815830301863828,0.013220528817769873,0.8214285714285714,0.9366143,0.7685662
Fkbp3,-3.3074727,-0.7446826,0.0009414190703328978,0.012784367237482148,0.5,0.45176032,0.29327926
Gm1992,-3.309147,-1.3786544,0.0009358072724070293,0.012725688136084002,0.25,0.28545564,0.11960542
Gm36975,-3.309984,-1.2039806,0.0009330130101483685,0.012725688136084002,0.28125,0.30291405,0.14286602
Mtif2,-3.3104026,-0.5761164,0.0009316187796611938,0.012725688136084002,0.6383928571428571,0.60439,0.4426501
Uckl1,-3.3175182,-1.7984627,0.0009082102563091364,0.01250564932535164,0.16964285714285715,0.24259861,0.07596965
Gabarapl2,-3.3275635,-1.3809513,0.0008760899136119684,0.012148200363291697,0.2544642857142857,0.29159403,0.12221335
Ube2b,-3.3346791,-0.3899669,0.0008539787581519047,0.01187500222372303,0.8839285714285714,1.213641,1.0315428
Atp5g2,-3.3493288,-1.3922936,0.0008100760445447494,0.011360653944760575,0.24107142857142858,0.29741776,0.123946734
Gm37679,-3.3618855,-1.9258975,0.0007741217945921964,0.010997214370150526,0.125,0.19027412,0.05368939
Ndufaf7,-3.3660712,-0.7962856,0.0007624701243639533,0.010894482545078573,0.42857142857142855,0.41243517,0.25770447
Npdc1,-3.3660712,-1.0179685,0.0007624701243639533,0.010894482545078573,0.35714285714285715,0.35514453,0.19107862
Ivns1abp,-3.368164,-0.7730132,0.000756705548690741,0.010843546518229673,0.53125,0.49772844,0.3202257
Ndufb1,-3.3690012,-1.3270537,0.0007544110705043847,0.010826402829843857,0.3169642857142857,0.3591882,0.15892795
Tfrc,-3.3761168,-0.7292843,0.0007351672368464292,0.010581042026378022,0.53125,0.5178828,0.3430615
Rpl36a,-3.379465,-1.9238403,0.0007262699811683884,0.010499570003640228,0.14285714285714285,0.22882886,0.065568894
Pkm,-3.4070902,-0.8552979,0.0006565940800910574,0.009647333883185893,0.5089285714285714,0.51431906,0.31606892
Cnih1,-3.4116945,-1.7370304,0.0006456043751917342,0.009528463375771418,0.16517857142857142,0.23801322,0.07752954
Timm8b,-3.4146245,-2.2939496,0.0006387002591567078,0.009440698433322311,0.08482142857142858,0.18649411,0.04095618
A330015K06Rik,-3.4171357,-1.1178544,0.0006328371715294339,0.009396297701970917,0.35714285714285715,0.40214667,0.20546784
Trpc1,-3.41881,-0.5799876,0.0006289563039517903,0.009395273031304094,0.6517857142857143,0.64932615,0.47723106
Ndufab1,-3.4204843,-1.1523559,0.0006250975867230386,0.009351801377090194,0.32142857142857145,0.35482475,0.17531542
H2aj,-3.4263442,-1.6700069,0.0006117648452744094,0.009194191477988419,0.16517857142857142,0.24913548,0.085174285
Npy,-3.4271812,-1.5886811,0.0006098819159404782,0.009179886731690344,0.29464285714285715,0.5685217,0.226786
Ctsb,-3.4497836,-0.90594643,0.0005610362203070913,0.008642417386183989,0.4732142857142857,0.49144822,0.29171294
Nme1,-3.4527135,-1.2562406,0.0005549781681662119,0.008602865240360347,0.25892857142857145,0.30800712,0.14063597
Rnf227,-3.4573176,-1.0812299,0.0005455813506570294,0.008510896417923502,0.36607142857142855,0.41786814,0.21926455
4930555F03Rik,-3.4581547,-1.6834893,0.0005438888450322771,0.008497939973333153,0.20535714285714285,0.36740786,0.12947072
Eif1b,-3.462759,-1.754831,0.000534667171557652,0.008420237705764952,0.18303571428571427,0.25838685,0.083755806
Fbxl5,-3.4698744,-0.48941797,0.0005207016272033408,0.00826666238743597,0.7321428571428571,0.7722782,0.6041108
Cend1,-3.4832685,-1.4786221,0.0004953313942179501,0.007953537810414935,0.2544642857142857,0.32261193,0.12805688
Cplx1,-3.4945695,-0.68730205,0.00047482676474639763,0.007686891746526657,0.625,0.68939954,0.48018163
Smdt1,-3.4974995,-1.6845421,0.00046964151681930146,0.007627999529359955,0.17410714285714285,0.26820803,0.09139418
Dad1,-3.5021038,-1.7269233,0.0004615998863393816,0.007533996842229984,0.17410714285714285,0.23960142,0.07861716
Gsdme,-3.5054522,-1.0700686,0.0004558323259891263,0.007452820732880259,0.3705357142857143,0.3849918,0.20185442
Psma3,-3.5058708,-0.5095178,0.00045511612811183504,0.007452820732880259,0.7008928571428571,0.67708826,0.5188392
Psap,-3.5167534,-0.57623553,0.00043685949282846017,0.0072257856350312335,0.7366071428571429,0.74445164,0.5546483
Grina,-3.5201018,-0.6920939,0.0004313810944458016,0.007147875983430517,0.5625,0.5311526,0.3603423
Actr1b,-3.5209389,-0.94490594,0.00043002155246151316,0.007147875983430517,0.46875,0.4731826,0.27332276
4933413L06Rik,-3.534333,-3.1916795,0.00040880575510448847,0.00685444887682849,0.044642857142857144,0.1784776,0.021160286
Snhg8,-3.5452156,-2.111782,0.0003922921442624063,0.0066000140789813375,0.08928571428571429,0.1840569,0.045694333
Lamtor2,-3.5494013,-2.0655537,0.0003861083772231814,0.006507081181270677,0.11607142857142858,0.21897294,0.056834687
Ndufa8,-3.5602837,-1.8685527,0.0003704542614390623,0.006297083730220199,0.15625,0.24816306,0.07430422
Ndufa5,-3.5627952,-1.2993656,0.0003669270298693348,0.006269555610886953,0.3125,0.3586148,0.16148746
Ywhah,-3.5636322,-0.77296174,0.0003657582808137898,0.006260435573859641,0.6205357142857143,0.63006204,0.41452998
Atp1a3,-3.5833046,-0.44594905,0.0003392745295900421,0.00583753505624472,0.875,1.2418753,1.0322697
Far1os,-3.5845604,-1.9478973,0.00033764651794562697,0.005829872189887805,0.12946428571428573,0.21579263,0.060554508
Selenom,-3.5895832,-1.4926896,0.0003312072823939394,0.00575903456282513,0.20535714285714285,0.2898791,0.11287491
Ppp1r2,-3.5904202,-0.84428746,0.000330145314095387,0.00575903456282513,0.49107142857142855,0.47866863,0.29412168
H3f3b,-3.6013029,-0.96123624,0.0003166265605267448,0.005564387273142918,0.4375,0.45754707,0.26082215
Lrp1,-3.6109297,-0.599912,0.00030510136245287745,0.00540034889124402,0.65625,0.6462541,0.4695932
Gm10076,-3.6159525,-2.04474,0.0002992453229039564,0.005315783132450642,0.12053571428571429,0.22754483,0.060086
Apoe,-3.6180453,-1.2655433,0.0002968365144823795,0.005301650717901775,0.32142857142857145,0.39642987,0.18428591
Rpl7,-3.6339505,-1.767854,0.0002791143487418929,0.005021511613588179,0.16964285714285715,0.2713267,0.08758061
Rpl18,-3.6527858,-1.4523796,0.00025941057193841596,0.004718687875905615,0.24553571428571427,0.31112745,0.12519038
Gm55122,-3.6536229,-1.0653592,0.00025856586986885304,0.004712016471417786,0.40625,0.46905115,0.25152436
Hspe1,-3.6582272,-1.4803025,0.0002539659238416707,0.004636759339175984,0.19642857142857142,0.27396324,0.1070231
Atp5d,-3.6607385,-1.4257237,0.00025148932094179964,0.0046000616236831215,0.24107142857142858,0.2947368,0.12008368
Dynll2,-3.675388,-0.9365686,0.00023748805870010204,0.004376438823783749,0.45982142857142855,0.48435026,0.28183803
Cops9,-3.6766438,-1.8971419,0.00023632261874998668,0.004363117412464642,0.15178571428571427,0.24258843,0.07111817
Lysmd4,-3.6841779,-1.3410575,0.00022944191035854266,0.004252007132001639,0.28125,0.3305556,0.1437821
Dynlrb1,-3.6912935,-1.4649067,0.00022311650000119668,0.004150387874550562,0.24553571428571427,0.32406047,0.12984133
Enpp5,-3.6958976,-1.2229897,0.00021911121539247807,0.004083586904639776,0.33035714285714285,0.35280466,0.1665592
6330403K07Rik,-3.704269,-1.5242965,0.00021200127730963786,0.003966073231490929,0.19642857142857142,0.3111784,0.11947336
B230219D22Rik,-3.7176628,-1.0936458,0.0002010743532889822,0.003790424568023089,0.38392857142857145,0.41742054,0.21731971
Gabarapl1,-3.7335682,-1.2253983,0.00018878603923747043,0.0035793106939273484,0.3705357142857143,0.41643488,0.19960128
Bsg,-3.7482178,-0.83169407,0.00017809553065908066,0.0034150984177929765,0.5401785714285714,0.52420384,0.32728115
Ndufb5,-3.7565892,-1.2552572,0.00017224497324573127,0.0033362734601761583,0.32589285714285715,0.36848888,0.17113315
Hsbp1,-3.7603562,-1.5929003,0.00016967162845137423,0.003305914199411262,0.24107142857142858,0.308972,0.11333992
Fgf1,-3.761612,-1.4462857,0.00016882191382646512,0.0032958717790398406,0.26339285714285715,0.30262166,0.121939965
Pfdn5,-3.7770987,-1.5405767,0.00015866593144657476,0.003122330175911738,0.22767857142857142,0.30137995,0.1141355
Gm15738,-3.7779357,-1.6873943,0.00015813367932787883,0.003118079888987115,0.16517857142857142,0.24606949,0.083074085
Nsg1,-3.7888184,-0.8838019,0.0001513655564273815,0.003027004099021408,0.4642857142857143,0.4555444,0.27209762
Rpl12,-3.800538,-1.270523,0.00014438225118856794,0.0029169356853854327,0.24553571428571427,0.33026856,0.15032758
Tma7,-3.800538,-1.284137,0.00014438225118856794,0.0029169356853854327,0.3125,0.3536906,0.16061297
Rpl31,-3.8055608,-1.3942955,0.00014148326587821032,0.0028701306960766987,0.2767857142857143,0.3323942,0.13976593
Tspan3,-3.8210475,-0.7829755,0.0001328860253032957,0.002723749113233248,0.59375,0.5889651,0.3826516
Orc4,-3.8214662,-0.42103758,0.00013266064575252016,0.002723749113233248,0.8303571428571429,0.8650735,0.7066088
Tmem59,-3.8243961,-1.029346,0.0001310930448092404,0.002709531087577151,0.48660714285714285,0.48288164,0.26552817
Atp5g3,-3.8716934,-1.293669,0.00010808181243518657,0.002272022577395532,0.32142857142857145,0.36284122,0.16417797
Eno2,-3.8742049,-0.9666928,0.00010697340096022492,0.0022583528052823503,0.45535714285714285,0.4635506,0.26370236
Atf2,-3.8771348,-0.4573734,0.00010569381153559764,0.002236127227316432,0.8169642857142857,0.9835053,0.797082
BC031181,-3.8800647,-1.1622976,0.00010442867564694392,0.002214112501512301,0.32589285714285715,0.34349623,0.16816287
Tubb3,-3.8834133,-0.7717618,0.00010300030868092451,0.0021885345760457647,0.5089285714285714,0.489638,0.31481275
Arl6ip1,-3.8842504,-0.8900331,0.00010264610906350525,0.002185719199259391,0.5580357142857143,0.595095,0.3638135
Pgam1,-3.933222,-1.0780478,8.381475497588225e-05,0.0018241273053139582,0.3794642857142857,0.43938273,0.23218001
Hnrnpdl,-3.942849,-0.75743103,8.051937689182609e-05,0.0017640900817255853,0.6339285714285714,0.6324075,0.41991138
Rpl36al,-3.9461975,-2.3980732,7.940215051734018e-05,0.001747379022210841,0.14285714285714285,0.2786507,0.05917886
Mpc1,-3.950383,-0.6482715,7.802622000593238e-05,0.0017247993341670117,0.6741071428571429,0.6978165,0.49714252
Caly,-3.9612656,-1.1266497,7.4553534910814e-05,0.0016629486440853285,0.3392857142857143,0.394068,0.19983725
Sec61g,-3.96587,-1.8858135,7.312877105808601e-05,0.0016423156124411617,0.20982142857142858,0.30139026,0.09091585
Pgrmc1,-3.978008,-1.0771024,6.949500575180027e-05,0.0015714478479518321,0.45535714285714285,0.49911278,0.26757202
Ndufa1,-3.983868,-2.1086752,6.780255578445486e-05,0.001540242851333964,0.12946428571428573,0.26870292,0.069035836
Rbm39,-3.9939134,-0.26393783,6.49916004085558e-05,0.0014797972019121284,0.9821428571428571,1.7535126,1.6047382
Gm16599,-4.0098186,-1.9373595,6.076536906795492e-05,0.001393222729397599,0.18303571428571427,0.28013903,0.0810409
Slc22a17,-4.010656,-0.6809345,6.05503055190963e-05,0.0013915278837127515,0.6116071428571429,0.59421724,0.40962467
Rpl13a,-4.0131674,-1.0062373,5.990943089017813e-05,0.0013800165400613695,0.42857142857142855,0.4637199,0.25751895
Rpl3,-4.014004,-1.2750016,5.969723715366122e-05,0.001378349089222356,0.33035714285714285,0.3914181,0.18062542
Gm20642,-4.0165157,-1.4734606,5.906491790968875e-05,0.001366950764487374,0.30357142857142855,0.36203036,0.14591567
Sh3bgrl3,-4.019027,-2.0509505,5.843894477606493e-05,0.0013580560351280952,0.15178571428571427,0.25044915,0.066425785
Cycs,-4.0240498,-1.6498169,5.720579823031422e-05,0.001339648372334128,0.23214285714285715,0.29207796,0.10264578
Morf4l1,-4.025724,-0.5938529,5.680025552126561e-05,0.001333318379009899,0.7232142857142857,0.7372628,0.54368323
Sorbs2os,-4.0357695,-1.4161729,5.4423609475494e-05,0.0012836420234901805,0.3080357142857143,0.38257653,0.16095653
Hectd2os,-4.0386996,-1.745695,5.374836696532622e-05,0.0012707557551826167,0.18303571428571427,0.2961965,0.09784913
Uqcrb,-4.0407925,-1.9847795,5.3270919158306335e-05,0.001262495173033034,0.1875,0.29554072,0.083306514
Ddx24,-4.0617204,-0.6245639,4.871240094176786e-05,0.0011600375866784767,0.6875,0.7202318,0.521309
Gpx4,-4.065906,-1.0173607,4.784621878360023e-05,0.0011421691791465246,0.42410714285714285,0.45955005,0.25323954
Rps4x,-4.0663247,-1.7158941,4.7760408314162466e-05,0.0011421691791465246,0.20982142857142858,0.29867357,0.10071117
Leng8,-4.06758,-0.5855476,4.75038515281618e-05,0.001139514530939531,0.65625,0.64800954,0.47472677
Ubl5,-4.08223,-1.7675871,4.460563866391748e-05,0.0010752249183069984,0.18303571428571427,0.2920806,0.09497023
Stmn1,-4.085997,-1.0861422,4.3887954014259323e-05,0.0010605179868298596,0.4017857142857143,0.4750227,0.25185043
Kras,-4.094368,-0.6522054,4.233211670681122e-05,0.0010254357214065156,0.6428571428571429,0.6510879,0.4598849
Rab14,-4.1094365,-0.5557097,3.9662593622598364e-05,0.0009696604575782718,0.7366071428571429,0.76659334,0.5788682
Dbi,-4.1152964,-2.2241237,3.866824352310316e-05,0.000950698785272504,0.14285714285714285,0.26862293,0.063871555
ENSMUSG00000121395,-4.116133,-0.68821096,3.8528140073157955e-05,0.0009496223324531607,0.6741071428571429,0.66714627,0.4629573
Atxn7l3b,-4.118226,-1.027982,3.817998645852936e-05,0.000943399715525416,0.48660714285714285,0.502277,0.27761143
Gabbr1,-4.1299458,-0.64695364,3.628485985725179e-05,0.0008988252093785062,0.7366071428571429,0.77800316,0.5606106
Slc25a5,-4.1303644,-2.0355673,3.6218857078660415e-05,0.0008988252093785062,0.1875,0.29835367,0.08138932
Chchd10,-4.1378984,-2.0276594,3.505012381930367e-05,0.0008764302215322227,0.16071428571428573,0.2785676,0.07583444
Morf4l2,-4.14334,-1.1240733,3.4228409200485974e-05,0.0008586714664315299,0.42410714285714285,0.47476825,0.24590965
2300009A05Rik,-4.158827,-1.652774,3.198865444426401e-05,0.0008065886040051122,0.23660714285714285,0.29708853,0.1043752
Rps15a,-4.1655235,-1.1049322,3.106387437820304e-05,0.000785278814088984,0.38392857142857145,0.42753896,0.22156413
Grcc10,-4.169709,-1.9086908,3.0498848622728257e-05,0.0007729772456850331,0.17857142857142858,0.3012709,0.08950841
Cox17,-4.1713834,-1.8206685,3.0275584510288207e-05,0.0007712842059093836,0.1875,0.27986422,0.08748316
Rpl35,-4.1797547,-1.8093855,2.9182368341255825e-05,0.0007472960246141329,0.16964285714285715,0.27326947,0.085866325
Antkmt,-4.214914,-1.376572,2.4987351802366684e-05,0.0006482902668935082,0.3125,0.3586292,0.15369329
Sumo2,-4.229982,-1.1896927,2.337099130769397e-05,0.0006095624425993514,0.4642857142857143,0.48804376,0.24357846
Thy1,-4.2450504,-0.9436624,2.1854438377392544e-05,0.0005730396488370029,0.4955357142857143,0.54492074,0.31966108
Actg1,-4.2471433,-1.0902928,2.1651366490444024e-05,0.0005692288592781004,0.4419642857142857,0.47660008,0.25213757
Scn1b,-4.2580256,-1.094114,2.062402321702518e-05,0.0005451266619213171,0.42410714285714285,0.47768164,0.25218245
Tuba1a,-4.2622113,-1.0609301,2.024138866244411e-05,0.0005378971720297479,0.4955357142857143,0.4995249,0.2704635
Rpl5,-4.2651415,-1.2707818,1.9977576804468763e-05,0.0005323214316628582,0.3794642857142857,0.41852123,0.19506276
Ndufb9,-4.2751865,-1.3628486,1.9097716033309085e-05,0.0005116423434032453,0.3125,0.3861362,0.16825822
Tomm6,-4.2772794,-1.9418503,1.891911690118755e-05,0.0005082386199695043,0.17410714285714285,0.31074902,0.090625644
Cox5a,-4.3003006,-1.1525979,1.705667241851971e-05,0.0004607170777374954,0.39285714285714285,0.46005836,0.23330495
Ndufs5,-4.301975,-1.2488238,1.6928267078036595e-05,0.0004597680030919085,0.33035714285714285,0.40551287,0.19097212
Ndufa6,-4.3028116,-1.5508229,1.686441037166477e-05,0.00045929895539846126,0.23660714285714285,0.31871668,0.12054957
Uchl1,-4.3061604,-0.8886586,1.6611271717384535e-05,0.00045491813294915034,0.5267857142857143,0.5571747,0.33845782
Atp5pb,-4.3342037,-0.85183275,1.4628854157808981e-05,0.0004039940424141141,0.5669642857142857,0.5690195,0.35397646
Hras,-4.3362966,-2.2659009,1.449033187077894e-05,0.0004020571060565544,0.13839285714285715,0.27240276,0.06307148
Ywhag,-4.393221,-0.641898,1.1168345850232232e-05,0.00031731620097244837,0.7098214285714286,0.750614,0.5403946
Rpl10a,-4.45182,-1.4604801,8.514565911628929e-06,0.0002468973685963224,0.21428571428571427,0.31318516,0.12543291
Mif,-4.4660506,-1.60091,7.967671419689976e-06,0.00023240613173586825,0.26339285714285715,0.38083702,0.14219774
Cd81,-4.4719105,-1.2594924,7.752383145600702e-06,0.00022747245664427775,0.4107142857142857,0.49677542,0.23803051
Atp6v0e2,-4.4731665,-1.2353154,7.706979106927229e-06,0.00022681524482147923,0.3794642857142857,0.4308825,0.2060189
Tomm7,-4.4823747,-2.4642951,7.38170013462014e-06,0.00021854709197363352,0.12053571428571429,0.26740998,0.05406526
Atp5l,-4.5162783,-0.7460842,6.293599134237892e-06,0.0001897510515732458,0.6294642857142857,0.6102173,0.40634483
Sbf1,-4.516697,-1.3194214,6.281177265528431e-06,0.0001897510515732458,0.39732142857142855,0.44660157,0.20342097
Sst,-4.5330205,-1.2809968,5.814614457027314e-06,0.0001780319376764978,0.4732142857142857,1.0844651,0.5909373
Hnrnpa2b1,-4.5476704,-0.5613643,5.424303845374791e-06,0.00016711941128609396,0.8348214285714286,1.019183,0.7884983
Sec62,-4.5514374,-0.60303926,5.328067784658989e-06,0.00016466902911897486,0.7767857142857143,0.82260156,0.6099548
Rps5,-4.5589714,-1.9122564,5.140477020867744e-06,0.00015937095266897825,0.23214285714285715,0.37695587,0.11478961
Atp6v1g2,-4.5665054,-1.2753112,4.959220152146926e-06,0.00015423644000005219,0.3794642857142857,0.44760728,0.20964634
Sncb,-4.5958047,-0.9866795,4.310821063586701e-06,0.00013578397720735236,0.5267857142857143,0.5797414,0.33392033
Cspg5,-4.6292896,-0.9436365,3.6692210012802076e-06,0.00011707071149392092,0.5133928571428571,0.56812066,0.33483633
Rps12,-4.6334753,-1.4278344,3.5957760917248206e-06,0.00011509985872829547,0.34375,0.42471802,0.179553
Pcnp,-4.634731,-0.92543226,3.5740188829830216e-06,0.0001147760656916274,0.5133928571428571,0.5525402,0.32814875
Rpl15,-4.6401725,-1.4164993,3.4811876358683616e-06,0.00011216022517002019,0.36607142857142855,0.44126588,0.18879399
Pcp4,-4.646869,-1.700696,3.3701052629544947e-06,0.00010929561772193541,0.23660714285714285,0.37546462,0.13118662
Reep5,-4.666123,-0.8962072,3.0693580834928236e-06,0.00010053422373805896,0.5401785714285714,0.57049036,0.34589487
Eef1a2,-4.6677976,-1.4703333,3.04445913865888e-06,0.00010005107549345966,0.32142857142857145,0.39776012,0.16236918
Atp5mpl,-4.6686344,-1.567516,3.0320824419299887e-06,9.997759463206608e-05,0.25,0.3492784,0.13194303
Dctn1,-4.6694717,-0.8740086,3.019754021664486e-06,9.990521778385962e-05,0.5446428571428571,0.5981383,0.36930054
Cfl1,-4.7037935,-1.473437,2.55371336991806e-06,8.62228086096649e-05,0.3482142857142857,0.44249725,0.18268894
Krit1,-4.7314186,-0.592014,2.229560874641335e-06,7.65896887215642e-05,0.8214285714285714,1.0672243,0.81772155
Nrg3os,-4.754858,-1.6190025,1.9858578767026164e-06,6.918223606505687e-05,0.34375,0.4469562,0.16844931
Camk2n1,-4.7707634,-0.8653186,1.8352892652485152e-06,6.439187496827442e-05,0.6026785714285714,0.64797074,0.4057529
Rps17,-4.773275,-1.9608629,1.8125414454475736e-06,6.38208789666701e-05,0.20089285714285715,0.32109743,0.09281892
Prdx5,-4.7803903,-1.8399129,1.74955106672797e-06,6.182374181674214e-05,0.20982142857142858,0.3537091,0.11201958
Rps18,-4.79504,-1.7055737,1.626423229329635e-06,5.8097487746235046e-05,0.24107142857142858,0.3579166,0.12393639
Atp5h,-4.8042483,-1.4577776,1.5533387841640312e-06,5.609658268524976e-05,0.36160714285714285,0.4616319,0.19357137
Ypel3,-4.8427563,-1.486383,1.2805045179878653e-06,4.6757385343860614e-05,0.36160714285714285,0.43401387,0.17727323
Rpl7a,-4.851546,-1.9894699,1.2250287522095094e-06,4.5065516671766985e-05,0.18303571428571427,0.32032624,0.09083269
Serf2,-4.8758225,-1.489501,1.0835605169369809e-06,4.016098923489359e-05,0.3169642857142857,0.4002301,0.16150524
Rpl14,-4.898006,-1.586629,9.681398986725778e-07,3.601845758872809e-05,0.2857142857142857,0.3808909,0.1435382
Rpl23a,-4.9080515,-1.6641151,9.198562933690834e-07,3.4351754531537094e-05,0.2767857142857143,0.3737986,0.1336702
Tpi1,-4.908889,-1.362865,9.159390210626517e-07,3.433552398728777e-05,0.3482142857142857,0.41117224,0.18043865
Rps26,-4.916004,-1.4874582,8.832844699077476e-07,3.336514018705166e-05,0.35714285714285715,0.4526511,0.18578872
Bex3,-4.9394436,-1.6616628,7.834573263921004e-07,2.9822802242856056e-05,0.23660714285714285,0.36725986,0.13126107
Gng3,-4.9490705,-1.523899,7.45686664309666e-07,2.860593316509337e-05,0.3080357142857143,0.40527987,0.16022573
Vamp2,-4.962465,-1.086297,6.960423883996077e-07,2.691090944012444e-05,0.53125,0.5969399,0.32538977
Gm35188,-4.9633017,-1.788958,6.930477285220484e-07,2.6900620297239666e-05,0.24107142857142858,0.37241572,0.122730054
Arglu1,-4.9833927,-0.6165997,6.247896086983009e-07,2.4347038546073315e-05,0.8214285714285714,1.0117673,0.761581
Actb,-5.0018096,-0.81396925,5.679472008072076e-07,2.2308332481108604e-05,0.6830357142857143,0.78545946,0.518098
Rpsa,-5.025249,-1.2774907,5.027801137839051e-07,1.9907265629700887e-05,0.39732142857142855,0.45508423,0.21328183
Rpl8,-5.026923,-1.2359469,4.984120725698194e-07,1.9813889610749393e-05,0.4375,0.51827824,0.2533512
H2az1,-5.03069,-1.5805508,4.887173807688928e-07,1.9507144360325968e-05,0.28125,0.38005733,0.14374955
Ppib,-5.0445027,-1.1647049,4.5470243157250506e-07,1.822321655639564e-05,0.44642857142857145,0.51206124,0.2610476
Ndufb11,-5.081336,-2.5431418,3.74789309228764e-07,1.5205958023400759e-05,0.10714285714285714,0.280059,0.053969447
Mrfap1,-5.085103,-1.817403,3.674263197140356e-07,1.5030938116434343e-05,0.2544642857142857,0.37818977,0.122584164
Gm20275,-5.0980787,-1.6076372,3.431184300033768e-07,1.4095019172513715e-05,0.33482142857142855,0.44554746,0.16906495
Rabac1,-5.108961,-1.6302594,3.2393493420228276e-07,1.3448555106022813e-05,0.26785714285714285,0.3905622,0.14353524
Oaz1,-5.1173325,-1.4803879,3.0988723819565547e-07,1.3000758644131776e-05,0.29910714285714285,0.44752717,0.18422861
Gm1673,-5.170071,-2.576443,2.3400490994509668e-07,9.987248515795273e-06,0.13392857142857142,0.29933625,0.056857534
5330438D12Rik,-5.1809535,-1.4696846,2.207542549149727e-07,9.545685084239983e-06,0.42857142857142855,0.49971542,0.21030852
Rps10,-5.2177873,-1.5565169,1.8107338739324357e-07,8.005392494663624e-06,0.32142857142857145,0.46019584,0.18121569
Ptgds,-5.2470865,-1.5790215,1.545234115310855e-07,6.8779726513708014e-06,0.3392857142857143,0.49336594,0.19349556
Nap1l5,-5.264666,-0.9129595,1.404444355893144e-07,6.293825865795685e-06,0.7008928571428571,0.82035625,0.5159238
Uqcr10,-5.2663403,-1.8100832,1.391702292932883e-07,6.2794955041621776e-06,0.23214285714285715,0.37997556,0.123828344
Gnas,-5.2755485,-0.56071866,1.3235951444092328e-07,6.041353948486402e-06,0.9017857142857143,1.2654203,1.0025185
Atp6v1f,-5.276386,-2.274759,1.3175659953579234e-07,6.041353948486402e-06,0.15178571428571427,0.31528768,0.07380279
Mllt11,-5.2851753,-1.1092925,1.2558428071720564e-07,5.785679549490329e-06,0.4642857142857143,0.52769566,0.27926487
Pebp1,-5.305685,-1.8943273,1.122506310240865e-07,5.19567592143882e-06,0.24107142857142858,0.41228256,0.12862161
Elob,-5.3236833,-1.6595265,1.0168694923038677e-07,4.796802069198006e-06,0.26785714285714285,0.4346554,0.15899813
H3f3a,-5.326613,-1.5546088,1.0006097659047423e-07,4.7427940779109875e-06,0.3392857142857143,0.44698888,0.17551522
Rps3,-5.340844,-1.9627615,9.25147391408522e-08,4.4062937835249364e-06,0.24107142857142858,0.3874989,0.11459284
Hint1,-5.346704,-1.6140995,8.957028510753146e-08,4.2867642760929735e-06,0.29464285714285715,0.44020265,0.16606934
Mt1,-5.3508897,-1.9635881,8.752286827691167e-08,4.2092095528881575e-06,0.22767857142857142,0.3862321,0.11410428
Rpl36,-5.3550754,-1.5604178,8.55207971928399e-08,4.1330859780598455e-06,0.3392857142857143,0.46574432,0.1832595
Ptms,-5.3626094,-1.2310233,8.202825700513877e-08,3.9838255458801135e-06,0.44642857142857145,0.51117796,0.2501829
Ttc19,-5.373492,-0.68313926,7.722623395188674e-08,3.7879275648340863e-06,0.7946428571428571,0.99036676,0.7197552
Ndufb3,-5.409488,-1.5384904,6.320508548497184e-08,3.147166352506755e-06,0.34375,0.46174482,0.18400106
Rps19,-5.4103255,-1.7341199,6.291033036568008e-08,3.147166352506755e-06,0.23660714285714285,0.41831455,0.14507581
Mdh1,-5.4149294,-0.9254614,6.13128306528822e-08,3.0840979459528857e-06,0.6383928571428571,0.7355486,0.4524262
Atp5o,-5.417022,-1.9930041,6.059975460116711e-08,3.0638614390405466e-06,0.20535714285714285,0.3624302,0.104121305
Stmn3,-5.46139,-0.68610847,4.724211870069904e-08,2.4373006189368996e-06,0.8616071428571429,1.1019038,0.81057614
Tpt1,-5.4789696,-1.800804,4.278101265474604e-08,2.2198842303323222e-06,0.29464285714285715,0.4461245,0.14960282
Cox6a1,-5.4806437,-1.4128419,4.237810779435491e-08,2.2106125118758996e-06,0.39285714285714285,0.51689214,0.22648968
Trim35,-5.494875,-0.9779464,3.9098765367316856e-08,2.0503974880658345e-06,0.5446428571428571,0.5792795,0.33534312
Zcchc18,-5.509943,-0.8638846,3.5894984779071775e-08,1.9026271770799387e-06,0.7633928571428571,0.8882118,0.58007485
Rpl35a,-5.5124545,-1.2407507,3.538638853311143e-08,1.8858075921510571e-06,0.5,0.58888006,0.29218826
Aldoa,-5.5216627,-1.3579409,3.358065583282538e-08,1.7993026405207903e-06,0.4642857142857143,0.6362157,0.2978482
Rab3a,-5.527104,-1.5732962,3.255598908500513e-08,1.7581194042971396e-06,0.33482142857142855,0.4899157,0.19263259
Snhg20,-5.5476136,-1.1212096,2.895950586824656e-08,1.5899769576661253e-06,0.4955357142857143,0.563303,0.2984387
Atp5j2,-5.5517993,-1.5346171,2.827443014618677e-08,1.5660539708497494e-06,0.33035714285714285,0.44026738,0.17472768
Rsrp1,-5.5907254,-0.6076404,2.2612294895048193e-08,1.2739120878301722e-06,0.84375,1.0714915,0.8153033
Selenok,-5.6057935,-1.7733697,2.0730287649053286e-08,1.1745971605288296e-06,0.24553571428571427,0.37537917,0.12509635
Fgfr2,-5.6258845,-0.72026783,1.8455974926193204e-08,1.0517772069210335e-06,0.8035714285714286,0.9981331,0.7128973
Rps16,-5.628396,-1.5467618,1.8189319625684915e-08,1.0426075708699277e-06,0.3705357142857143,0.5073715,0.20393454
Cpt1c,-5.6288147,-0.9144079,1.81452423272933e-08,1.0426075708699277e-06,0.65625,0.741478,0.4593888
Rps7,-5.6313257,-1.8317052,1.7882948486975086e-08,1.0371058184299257e-06,0.30357142857142855,0.4476445,0.14723031
Rps3a1,-5.653091,-1.621895,1.575877709175842e-08,9.193241618203921e-07,0.33035714285714285,0.47830853,0.18172173
Tecr,-5.673182,-0.9928719,1.401691708073632e-08,8.225761041605915e-07,0.5982142857142857,0.6692532,0.3911963
Uqcrh,-5.7368035,-1.4677395,9.648017216105941e-09,5.871592699604226e-07,0.36607142857142855,0.50350064,0.2123936
Rps2,-5.740152,-1.8185227,9.459170270891232e-09,5.79241985718737e-07,0.25,0.41067255,0.13450982
Rpl22l1,-5.7723813,-1.8654652,7.81591091767558e-09,4.939555495984843e-07,0.2544642857142857,0.39193496,0.12370781
Rpl18a,-5.789961,-1.800301,7.040291656699372e-09,4.478079706025749e-07,0.29910714285714285,0.47573212,0.1611898
Snrpn,-5.801262,-0.6683974,6.581774154795663e-09,4.213617622865613e-07,0.8883928571428571,1.4423823,1.109491
Fkbp1a,-5.86279,-1.2721834,4.551527765572226e-09,2.95220475268267e-07,0.48660714285714285,0.5850573,0.28457335
Myl6,-5.8728356,-1.1072044,4.2840270722460225e-09,2.7971008546538764e-07,0.4955357142857143,0.5861634,0.31480986
Uqcr11,-5.951107,-2.2003021,2.6633519520850863e-09,1.7984922531237578e-07,0.21428571428571427,0.41298297,0.1054936
Ndufa13,-6.0009155,-1.7745585,1.9620793530397453e-09,1.3340786442495758e-07,0.27232142857142855,0.45428982,0.15536061
Ndufc1,-6.0097055,-1.8826389,1.8586073541808384e-09,1.2813992940467752e-07,0.25,0.41250348,0.12968245
Ndufa3,-6.0230994,-2.0704982,1.7110830384869112e-09,1.1879977236931309e-07,0.16964285714285715,0.35774904,0.09748838
Crebzf,-6.075838,-1.1949451,1.2334178612651538e-09,8.73133794174694e-08,0.5446428571428571,0.6159203,0.31617954
Ndrg4,-6.0938363,-0.89970815,1.1023641319109226e-09,7.875513026456366e-08,0.7366071428571429,0.9029827,0.5801342
Rpl29,-6.12188,-2.6475096,9.247772831355838e-10,6.753614247728683e-08,0.13839285714285715,0.3606262,0.06700483
Ckb,-6.124391,-0.9620181,9.103096002519912e-10,6.697568917077896e-08,0.6651785714285714,0.83340126,0.511578
Bex2,-6.205592,-1.8869629,5.449132062311622e-10,4.069923712297748e-08,0.2857142857142857,0.4779299,0.1532943
Cck,-6.2110333,-1.3815223,5.263725763136867e-10,3.961455900669189e-08,0.5044642857142857,0.68042076,0.31780362
Rpl27a,-6.2235904,-1.4311996,4.859048784047865e-10,3.713593950537047e-08,0.41517857142857145,0.58874834,0.26028538
Rpl39,-6.225683,-2.667423,4.794622501485736e-10,3.692983065792803e-08,0.15178571428571427,0.39219782,0.07287113
Rpl13,-6.2608423,-1.4651572,3.8290362130021397e-10,2.9724777971644168e-08,0.4732142857142857,0.66277957,0.2930641
Dvl1,-6.2809334,-1.4139128,3.365466478360993e-10,2.6544107208128827e-08,0.41964285714285715,0.52795106,0.23190424
Rpl6,-6.283863,-1.2578892,3.3026141273787123e-10,2.6258445711150584e-08,0.5357142857142857,0.70157886,0.35433787
Tmsb10,-6.2842817,-2.260275,3.293729300006645e-10,2.6258445711150584e-08,0.20535714285714285,0.4293557,0.1061029
Syngr1,-6.300187,-1.2279605,2.972866350829419e-10,2.4024171600678065e-08,0.49107142857142855,0.61100286,0.3071801
Dalrd3,-6.30228,-1.820996,2.932989284284884e-10,2.389780277170634e-08,0.33482142857142855,0.4973312,0.16751334
Ddx5,-6.335346,-0.72428435,2.3680888970355724e-10,1.945582369656142e-08,0.8883928571428571,1.2859509,0.9496221
Idh3b,-6.3378577,-1.4284778,2.329820060938733e-10,1.9302265530079804e-08,0.41964285714285715,0.559539,0.2457595
Rpl27,-6.3453918,-2.3785105,2.2186022062494542e-10,1.8536609450350312e-08,0.20089285714285715,0.3954614,0.089184724
Atp5e,-6.356274,-2.3140664,2.0670577928452397e-10,1.7568209292811395e-08,0.19642857142857142,0.39528775,0.093027696
Rpl28,-6.430778,-1.9786767,1.2695226128667117e-10,1.127587697320082e-08,0.2767857142857143,0.5069707,0.15488303
C1qtnf4,-6.4349637,-1.4192278,1.2350271557370583e-10,1.1069211571283324e-08,0.5089285714285714,0.6463523,0.29246375
Uba52,-6.4537992,-2.853707,1.090803801828772e-10,9.8662703506696e-09,0.12053571428571429,0.3615823,0.05851504
Itm2b,-6.515746,-0.8543998,7.232917387870871e-11,6.664423600655974e-09,0.7991071428571429,0.99794877,0.6664399
Rps13,-6.5525794,-1.6540751,5.655154664077616e-11,5.30992093648964e-09,0.40625,0.5697793,0.21832088
Ndfip1,-6.6078296,-0.73655194,3.899948393034795e-11,3.732970020090295e-09,0.9017857142857143,1.2845837,0.9432627
Cox5b,-6.6107597,-2.1007864,3.8235279450649165e-11,3.695702157881864e-09,0.23214285714285715,0.45698473,0.12668023
Calm3,-6.627084,-1.4506588,3.423838302809788e-11,3.3421407749902674e-09,0.47767857142857145,0.6264904,0.27662435
Rpl24,-6.6484303,-1.7759566,2.9623540412092436e-11,2.9801886216614215e-09,0.3794642857142857,0.5910729,0.21133864
Rps14,-6.658476,-1.4874859,2.7668207048140595e-11,2.8121737452331767e-09,0.40625,0.6046546,0.25945765
Uqcrq,-6.749722,-1.7358274,1.4812862635796373e-11,1.5212501325657964e-09,0.32142857142857145,0.513148,0.18342198
Rpl11,-6.801205,-1.5505633,1.0374756999032244e-11,1.076681360562725e-09,0.4330357142857143,0.5939031,0.24441282
Rps20,-6.8284116,-1.9972547,8.585993453826992e-12,9.005245687370247e-10,0.26785714285714285,0.43520245,0.12802252
Rpl10,-6.8351088,-2.3640647,8.19429232091322e-12,8.686830966869186e-10,0.1875,0.42997777,0.09925867
Atp5g1,-6.860641,-2.1003675,6.855231036955404e-12,7.346274216667753e-10,0.21875,0.45493433,0.12604997
Atp5k,-6.9230065,-1.8648629,4.421574224892246e-12,4.861676416150352e-10,0.33482142857142855,0.5333502,0.17685385
Rps24,-6.9410048,-1.8178787,3.893211730067942e-12,4.3617243689477087e-10,0.35267857142857145,0.559525,0.19283552
Ly6h,-6.951887,-1.3075987,3.6043141593871804e-12,4.084475091654967e-10,0.5580357142857143,0.7907281,0.39663416
Rps27a,-6.9707227,-1.6140695,3.1531734596275983e-12,3.61478338819401e-10,0.39732142857142855,0.56503224,0.22163168
Rpl30,-7.000022,-1.5760309,2.559226404218476e-12,3.0037396570464234e-10,0.41964285714285715,0.6084352,0.24757731
Selenow,-7.0033703,-1.2760822,2.4987720704542405e-12,3.0037396570464234e-10,0.5803571428571429,0.7287249,0.3666032
Atp5b,-7.0088115,-1.407926,2.4035081083184326e-12,2.9254551160384473e-10,0.5848214285714286,0.76016766,0.35704345
Cox7b,-7.053598,-1.3133736,1.7435000050811661e-12,2.148645818761902e-10,0.6071428571428571,0.7820249,0.39013392
Dynll1,-7.0623875,-1.6081688,1.6366583240938465e-12,2.0686941560565682e-10,0.3705357142857143,0.5699266,0.22471045
Rpl23,-7.0753627,-2.159746,1.490581784036994e-12,1.908525429716977e-10,0.2857142857142857,0.50848895,0.13830574
Rps25,-7.151541,-2.0153785,8.580903727560376e-13,1.1279883980002366e-10,0.25892857142857145,0.49469563,0.14695624
Cox7a2,-7.193397,-2.0586905,6.31987325828136e-13,8.653837562971657e-11,0.2767857142857143,0.50431526,0.14619908
Atp5j,-7.20428,-2.0530996,5.83514296849841e-13,8.102630214989553e-11,0.30357142857142855,0.5394431,0.15897013
Rps27,-7.282132,-2.4030519,3.285847204286249e-13,4.627881083865447e-11,0.2544642857142857,0.52109563,0.121594116
Rpl32,-7.347428,-2.0977728,2.0205732222826592e-13,2.929534029188932e-11,0.25892857142857145,0.506288,0.14321943
Rps15,-7.3905396,-1.6751837,1.4623406811233982e-13,2.1518233992829228e-11,0.4642857142857143,0.6568651,0.25527132
Slc25a4,-7.4018407,-1.5048606,1.343094407826099e-13,2.0062981464784106e-11,0.49107142857142855,0.73144555,0.32199478
Cox6b1,-7.4219317,-1.8472706,1.154242714988663e-13,1.7507198349343428e-11,0.35267857142857145,0.5445495,0.1832924
Tubb2a,-7.6261897,-1.9629146,2.4179382680055323e-14,3.783881489566118e-12,0.38392857142857145,0.6110504,0.19562843
Atpif1,-7.6638603,-1.5512722,1.8042615031684766e-14,2.8690667999577437e-12,0.5089285714285714,0.67228127,0.28300926
Rps29,-7.729156,-1.4278373,1.0826203889392853e-14,1.872553406061827e-12,0.5758928571428571,0.75126445,0.34795663
Atp6v0b,-7.7446427,-0.8858936,9.585102636604269e-15,1.6874915516835979e-12,0.8526785714285714,1.3370095,0.92400503
Rps11,-7.751758,-2.420877,9.062883958992069e-15,1.6245631445764145e-12,0.21428571428571427,0.49100232,0.11188662
Srsf2,-7.7973814,-1.0561802,6.320499139874006e-15,1.198342327308035e-12,0.7276785714285714,0.9373879,0.55789405
Rpl34,-7.8049154,-2.1412234,5.954142159872371e-15,1.1510174030231706e-12,0.28125,0.54996824,0.15375647
Rpl19,-7.861003,-1.8004969,3.8107044088586486e-15,7.513946953387483e-13,0.4017857142857143,0.6764992,0.24498047
Hspa8,-7.87063,-1.1609709,3.5286075423159666e-15,7.09970239993737e-13,0.7633928571428571,1.0452236,0.60140115
Calm1,-7.90537,-1.0093056,2.6713837563106188e-15,5.486910927805499e-13,0.8794642857142857,1.4991412,1.0034736
Eef1a1,-7.9103928,-1.2335428,2.5657763063771874e-15,5.382125235015466e-13,0.6160714285714286,0.7993749,0.41910276
Rpl21,-7.9899197,-2.0592315,1.3502670518406108e-15,3.0255188327492227e-13,0.34375,0.6287677,0.19063894
Gapdh,-8.017126,-2.3865163,1.0824791863879824e-15,2.4818982089765387e-13,0.24553571428571427,0.5511378,0.13156088
Eif1,-8.095816,-2.0384016,5.688187843654893e-16,1.335234379776038e-13,0.33482142857142855,0.6694719,0.20867296
Rplp2,-8.102512,-1.9136138,5.383551866124397e-16,1.2945472645883032e-13,0.3392857142857143,0.57998383,0.18948591
Snhg11,-8.102512,-0.3012363,5.383551866124397e-16,1.2945472645883032e-13,1.0,3.4657776,3.2642057
Rps8,-8.13809,-1.5451152,4.0156088312625414e-16,1.0151253196773691e-13,0.5714285714285714,0.88357776,0.39637843
Rpl9,-8.192503,-2.329214,2.5584796003005726e-16,6.637907994569302e-14,0.2544642857142857,0.601555,0.15199961
Rps28,-8.31012,-2.4288254,9.560599700199723e-17,2.5475122282234884e-14,0.22767857142857142,0.56246364,0.13121626
Rpl17,-8.331884,-1.6670362,7.956563136906437e-17,2.1789932212989044e-14,0.48214285714285715,0.7104146,0.28206807
Malat1,-8.37374,-0.6159507,5.581758582496108e-17,1.5723016532808322e-14,1.0,5.476289,5.051571
Slc25a3,-8.506006,-1.2603378,1.8002772825622137e-17,5.220274626112019e-15,0.7678571428571429,1.1130767,0.6168804
Atp1b1,-8.514378,-0.9080478,1.6748803382095464e-17,5.003831895275127e-15,0.9598214285714286,2.0054882,1.4875938
Rnasek,-8.631575,-2.2522185,6.0513187657019674e-18,1.8643734909704907e-15,0.26785714285714285,0.5917421,0.15650643
Rps23,-8.631993,-2.0750535,6.0292102101291335e-18,1.8643734909704907e-15,0.34375,0.62030244,0.18563282
Cst3,-8.651666,-1.5685031,5.0753294073460816e-18,1.6679224209008338e-15,0.5714285714285714,0.9577918,0.43272635
Pcsk1n,-8.793139,-1.478006,1.4543821502982136e-18,5.120983435639317e-16,0.625,1.0304337,0.49894986
Rpl37a,-8.872248,-1.8975421,7.168442077406721e-19,2.6175433496723286e-16,0.46875,0.7641397,0.26841843
Fau,-9.020837,-2.0551076,1.8665841669408279e-19,7.077943577642162e-17,0.36607142857142855,0.6786315,0.21001397
Cox6c,-9.22342,-1.9977582,2.8777126757394104e-20,1.1348547708045938e-17,0.4419642857142857,0.7763798,0.25762507
Rpl26,-9.290809,-2.4772673,1.5312046511697316e-20,6.2900611066176605e-18,0.2544642857142857,0.5543329,0.124897555
Calm2,-9.340617,-1.012484,9.577390470600927e-21,4.291976938620661e-18,0.9241071428571429,1.5000167,1.0027925
Nrgn,-9.462837,-1.5421158,2.996980866563366e-21,1.4773617181724114e-18,0.6428571428571429,1.0124841,0.47109812
Cox4i1,-9.47958,-1.7033736,2.553088353998724e-21,1.3247841095828115e-18,0.5803571428571429,0.92792684,0.38498047
Rps21,-9.510553,-2.1497965,1.8965082324810343e-21,1.038759703557251e-18,0.45535714285714285,0.8186964,0.2512516
Rpl37,-9.671281,-2.120869,3.993474897060761e-22,2.315980530007179e-19,0.35267857142857145,0.7144518,0.21495788
Las1l,-9.812755,-1.6484127,9.92220938308078e-23,6.113941394237088e-20,0.6517857142857143,1.0515099,0.4662161
Rpl38,-9.909024,-2.0406375,3.8034354441264506e-23,2.499871336242845e-20,0.44642857142857145,0.758731,0.24373499
Ndufa4,-9.927022,-2.4439292,3.1759893416514303e-23,2.2365770656672466e-20,0.3794642857142857,0.79187673,0.20042653
Rpl41,-9.952555,-2.187481,2.457918599572725e-23,1.8640476517836534e-20,0.4330357142857143,0.8335427,0.25131473
Cox7c,-10.091935,-2.1167102,5.997522814294637e-24,4.927464785510903e-21,0.41964285714285715,0.7922172,0.24576363
Atp5md,-10.098214,-2.4379191,5.625754655969064e-24,4.927464785510903e-21,0.30357142857142855,0.687328,0.16755307
Cox8a,-10.152627,-2.1168504,3.2256254243070738e-24,3.1801441058243442e-21,0.44642857142857145,0.85644865,0.27181557
Fth1,-10.213318,-1.8797867,1.7285061952826588e-24,1.8934825088101925e-21,0.5357142857142857,0.9639764,0.36517358
Atp6v0c,-10.217085,-1.5580487,1.6626527003919968e-24,1.8934825088101925e-21,0.7455357142857143,1.3305418,0.66534746
Rplp1,-10.293263,-1.5966996,7.557085104251451e-25,1.0643614577545008e-21,0.7053571428571429,1.0806817,0.4969124
ENSMUSG00000095041,-10.6423435,-2.0561516,1.8930683245437273e-26,3.1106267686127684e-23,0.6339285714285714,1.3890272,0.54464835
Mt3,-10.649878,-2.332798,1.7459421425988498e-26,3.1106267686127684e-23,0.38392857142857145,0.82461333,0.226559
Ppia,-11.196938,-2.1119318,4.2207273003640777e-29,1.040303761357236e-25,0.5133928571428571,0.96750516,0.32019544
Ube3a,-11.986763,-1.1845276,4.168795184056593e-33,1.370005057320465e-29,0.9464285714285714,1.8641357,1.223183
Ubb,-12.126981,-2.3530507,7.599979315740434e-34,3.746409803694247e-30,0.42410714285714285,0.9816676,0.28266227
Tmsb4x,-13.60827,-2.2720754,3.576082744168695e-42,3.525659977475917e-38,0.75,1.5530823,0.5717724
