names,scores,logfoldchanges,pvals,pvals_adj,pct_nz_group,pct_nz_reference,mean_expr_Cluster_Subiculum (for_DEGs),mean_expr_Rest (for_DEGs)
Bbx,-2.7615447,-0.43883678,0.005752865754833311,0.04940220608257304,0.47030878859857483,0.5213186017025901,0.37525088,0.48072058
Dock8,-2.7658997,-3.526316,0.005676600577079895,0.04880968240196377,0.021377672209026127,0.09896757833725775,0.011867469,0.12887809
Nacc2,-2.7666218,-1.9742692,0.005664040258333288,0.04871727328470405,0.04513064133016627,0.12291251584857815,0.02280608,0.08676606
Brinp2,-2.7772045,-0.37421173,0.005482868062388918,0.04726489086826764,0.517814726840855,0.5451548632494113,0.4976435,0.60747904
Arhgap12,-2.777869,-0.50022316,0.005471666114604919,0.04719860947012333,0.5130641330166271,0.5340336895489948,0.43170506,0.5673713
Map3k20,-2.7855048,-1.5391275,0.00534444559264722,0.04624967892896322,0.0498812351543943,0.12954174968302842,0.028633494,0.08104261
Acsl5,-2.785699,-0.71035635,0.0053412445863405935,0.046236869212297596,0.12589073634204276,0.209201231660931,0.07419709,0.11868855
Pld1,-2.7893498,-1.9797745,0.005281396932673164,0.04577778567126707,0.0688836104513064,0.14504618728491214,0.039268445,0.14666705
Hectd2os,-2.7940965,-0.72874707,0.005204495830393167,0.045184104349810794,0.13064133016627077,0.21224415866690816,0.07929297,0.1281772
Smad3,-2.796321,-0.5318268,0.005168803982268516,0.04490325347673942,0.2921615201900237,0.3721427277667089,0.207829,0.2881624
Antxr2,-2.7963696,-1.6703519,0.005168027369647486,0.04490325347673942,0.047505938242280284,0.126933526535048,0.026714066,0.08266205
Ntsr2,-2.7964544,-1.990096,0.005166668551280737,0.04490325347673942,0.047505938242280284,0.1266799492845499,0.028381977,0.10828608
Akap13,-2.7979174,-0.48016942,0.005143328022600053,0.04473979409752781,0.4513064133016627,0.5056330374932078,0.4136143,0.53916436
B4galt1,-2.7980933,-1.132219,0.005140525843968128,0.044729899425979144,0.09263657957244656,0.17319326209020106,0.056342088,0.11959893
Clic4,-2.8026547,-2.1741173,0.0050683902169861555,0.04424549874282586,0.0498812351543943,0.12765803296504258,0.029748278,0.12775438
Fgd3,-2.8061965,-3.053085,0.005013013183069659,0.04383327830428953,0.011876484560570071,0.09157761275131317,0.00824069,0.06642332
Calm3,-2.8088276,-0.7213834,0.0049722267201528,0.04350495993829558,0.38717339667458434,0.4619090744430357,0.2993241,0.45446545
Csf1r,-2.81155,-2.3339758,0.004930345031505193,0.043194773719121136,0.0498812351543943,0.12827386343053795,0.03384413,0.16004199
Itpkb,-2.8135042,-1.963973,0.004900473180655154,0.042975102599283284,0.057007125890736345,0.13515667451548632,0.027704144,0.10399482
Chst2,-2.8154619,-1.2243122,0.004870719135869992,0.04277000757543356,0.08788598574821853,0.16830284368773774,0.05037734,0.11397025
Mid1,-2.8174071,-1.0956815,0.0048413116254626696,0.04252567616089635,0.10926365795724466,0.18920485419308097,0.06649722,0.13710243
Gm12371,-2.817495,-1.6619495,0.004839984982763827,0.04252567616089635,0.03800475059382423,0.1182394493751132,0.021108767,0.06532648
mt-Cytb,-2.8186514,-0.9667617,0.0048225861636194255,0.042402778212190434,0.2375296912114014,0.31110306103966673,0.16831994,0.30621937
Rimklb,-2.819765,-0.44215277,0.00480588020382036,0.04229741273391847,0.23515439429928742,0.3300126788625249,0.16446528,0.21742524
Dbpht2,-2.820539,-0.96821594,0.004794303373458331,0.04222318310220431,0.08076009501187649,0.16315884803477632,0.046671562,0.0893593
Plxna1,-2.8225482,-0.80637926,0.004764366720688976,0.04198705601341843,0.10451306413301663,0.18851657308458614,0.0599102,0.102533266
Klhl23,-2.8248456,-0.6943997,0.004730341436757813,0.04170087742968584,0.166270783847981,0.2508965767071183,0.09719845,0.15288028
Hepacam,-2.8323994,-2.2225995,0.0046200119056419445,0.0407817739502625,0.047505938242280284,0.12628147074805288,0.02683433,0.11950639
Rab27a,-2.8353977,-0.6431724,0.004576866927556297,0.04046739530879819,0.166270783847981,0.25060677413512045,0.099520765,0.15136775
Arhgap24,-2.839343,-1.7946526,0.004520653263539564,0.040062649469428786,0.08076009501187649,0.15866690816881,0.042742796,0.14106825
E430024P14Rik,-2.8427513,-0.92066526,0.004472597641208529,0.03974163314129404,0.09738717339667459,0.17971381996015215,0.05566085,0.10287518
Secisbp2l,-2.8453975,-0.56273437,0.004435602629974864,0.03946511346603464,0.42755344418052255,0.4896938960333273,0.30044675,0.41716787
Inpp4b,-2.8506842,-0.47778416,0.004362526630572794,0.038905108052934276,0.5843230403800475,0.5906538670530701,0.7203539,0.9039833
Gm48159,-2.8510697,-1.5717126,0.004357241969863407,0.038870880388522495,0.026128266033254157,0.10798768339069009,0.018866256,0.05506914
Abcd2,-2.8540955,-1.1783236,0.0043159564880143626,0.03855377354818681,0.10451306413301663,0.18547364607860894,0.06134677,0.13381653
Dipk2a,-2.8581865,-0.97170126,0.004260700161324573,0.03808550011137434,0.07363420427553444,0.15685564209382358,0.047993317,0.092047915
Dbi,-2.8586142,-1.132142,0.004254957603898197,0.038046825562976554,0.14726840855106887,0.2267342872667995,0.11077142,0.22852954
Kbtbd11,-2.8632302,-0.7430587,0.004193456050901396,0.03753436511916073,0.19477434679334918,0.2791885527984061,0.12215109,0.19676515
Calcrl,-2.8659313,-1.9231187,0.004157844038980902,0.03727770080994889,0.04513064133016627,0.12599166817605506,0.028758947,0.10494495
Rasa3,-2.8752058,-0.44035572,0.00403764162713615,0.036345537863031276,0.2755344418052256,0.3709472921572179,0.213466,0.27982548
Camk1g,-2.8756368,-1.8854662,0.0040321337777174575,0.03631405588669409,0.028503562945368172,0.11084948378916863,0.014535832,0.052685536
Ypel2,-2.8780313,-0.660144,0.004001654348177384,0.0360578310984327,0.40617577197149646,0.4669806194529976,0.30896145,0.45238763
Ppfibp2,-2.87818,-1.878744,0.003999768372548124,0.03605292726278702,0.05463182897862233,0.13515667451548632,0.03636323,0.12767947
Il16,-2.879124,-1.4949158,0.003987817004428607,0.03596933296710194,0.05463182897862233,0.13624343416047818,0.029495426,0.080999486
Fam3c,-2.8867686,-0.7243745,0.003892203258125911,0.035154118166669995,0.21377672209026127,0.2982430719072632,0.135733,0.2152627
Nt5dc3,-2.8870053,-0.51796055,0.003889276130482725,0.03513949214057526,0.3254156769596199,0.40467306647346496,0.22571197,0.309384
4930467D21Rik,-2.8871965,-2.1281133,0.0038869133719250603,0.035129957047973885,0.030878859857482184,0.11255207389965587,0.021207973,0.08956641
Atp8b1,-2.8887382,-1.4806814,0.0038679088803529444,0.034993505594304246,0.07838479809976247,0.159065386705307,0.04541053,0.121911146
Rhoq,-2.8894272,-0.82133913,0.0038594440350250636,0.03492868346955994,0.1876484560570071,0.2694439413149792,0.116340086,0.19722213
Gm34466,-2.8896093,-2.602561,0.0038572094448164076,0.03492022162473614,0.0166270783847981,0.09889512769425829,0.008703482,0.05173107
Drc1,-2.8918793,-1.123858,0.003829450050611246,0.03470398747383615,0.04513064133016627,0.129469299040029,0.029463537,0.0631296
Gm12536,-2.8935637,-2.3749056,0.0038089706160655823,0.034576702855973716,0.0166270783847981,0.09907625430175693,0.008634353,0.043998227
Zfp516,-2.8951933,-0.95631677,0.0037892501610947873,0.03442094382306184,0.1163895486935867,0.1998550987140011,0.06514429,0.12275807
Lama4,-2.8966591,-1.8334314,0.0037715920755578623,0.03430693265749484,0.0498812351543943,0.1312805651150154,0.028121075,0.0968011
Crybg3,-2.8987198,-2.267909,0.0037468948450647137,0.03410537414867509,0.028503562945368172,0.11095815975366781,0.015538832,0.072714455
Megf10,-2.898741,-2.3200355,0.0037466410017513115,0.03410537414867509,0.057007125890736345,0.13598985690998008,0.029881287,0.14103246
Ndufa5,-2.8993785,-0.9504565,0.003739032967128516,0.03405688672092991,0.1828978622327791,0.26774135120449194,0.12693547,0.2323409
Pde1b,-2.8996668,-0.6703249,0.003735595852658872,0.03403711785722072,0.1377672209026128,0.2249592465133128,0.0872198,0.13543734
Pias1,-2.9041796,-0.31547442,0.0036821689588512566,0.0335958845243916,0.667458432304038,0.6733925013584495,0.6429119,0.752586
C2cd2l,-2.9047804,-0.6935411,0.003675107610194107,0.03354284697211809,0.14726840855106887,0.23470385799673973,0.08986667,0.14155786
Enox2,-2.908644,-0.49840122,0.003630001420869515,0.033190425057190415,0.37292161520190026,0.44488317333816335,0.30063942,0.40242475
Fgfr1op2,-2.9122827,-0.47543234,0.0035879782907156776,0.03289286136865584,0.3681710213776722,0.4467668900561492,0.25923064,0.34461427
Tamalin,-2.9197757,-0.7303667,0.0035028342802452856,0.032200190595344104,0.10926365795724466,0.1963050172070277,0.065948926,0.107150465
Nr2f2,-2.9284644,-1.136443,0.0034064077853650614,0.031356689685768824,0.07600950118764846,0.16116645535229124,0.05113935,0.10916667
Zbbx,-2.9295843,-1.16114,0.0033941571702880966,0.0312653421891125,0.07125890736342043,0.15479079876833907,0.03895001,0.0850983
Mgat3,-2.9323218,-0.48667908,0.0033643799083678066,0.031032354201276497,0.30641330166270786,0.3972106502445209,0.20867956,0.2815276
Mt3,-2.9341822,-0.72846234,0.0033442792290339475,0.030869386081807684,0.4323040380047506,0.5015758014852382,0.38976192,0.5820569
Calm1,-2.936167,-0.45618042,0.0033229547657055224,0.03070419345065591,0.8741092636579573,0.83600796957073,1.1216067,1.3453493
Sub1,-2.937129,-0.710482,0.003312663221962769,0.0306301654418925,0.2992874109263658,0.3872486868320956,0.20855066,0.32168832
Pde3a,-2.9377723,-2.0995634,0.0033057967579236463,0.030587674724848656,0.04513064133016627,0.12754935700054337,0.029415151,0.12039288
D430019H16Rik,-2.9436235,-0.82276493,0.0032439432862655143,0.03004645160356924,0.11163895486935867,0.19865966310451005,0.062856145,0.10862829
Tgfa,-2.9504974,-1.6004472,0.0031726263819219945,0.029426465613477386,0.08076009501187649,0.16232566564028256,0.041891728,0.121978536
Trim26,-2.9515688,-0.915059,0.0031616412666292766,0.029344836212203337,0.09738717339667459,0.18409708386161927,0.0592901,0.109016605
Kcnc3,-2.9565308,-0.49531987,0.0031112119833038698,0.028916729848279137,0.3182897862232779,0.4097083861619272,0.23241028,0.31394354
Rhou,-2.9609678,-0.8090154,0.0030667408844655825,0.02855278155425856,0.14014251781472684,0.22720521644629596,0.08416388,0.14309494
B3galt5,-2.972473,-0.9009234,0.0029541135337024724,0.02767678892977177,0.14014251781472684,0.22503169715631227,0.080961026,0.14623126
Col11a1,-2.9729795,-1.0125759,0.0029492400244072185,0.027640767162825937,0.1187648456057007,0.20108675964499184,0.085049145,0.16474737
Plppr3,-2.9759507,-0.95748806,0.0029208174440624726,0.027403060307946453,0.09501187648456057,0.18206846585763448,0.0527549,0.10002307
Pfkfb3,-2.9792163,-1.6083739,0.0028898672752553736,0.027122693670406414,0.047505938242280284,0.132802028618004,0.026230654,0.07792118
Nrip1,-2.9844089,-0.5023725,0.0028412679318793967,0.026703347089751448,0.42042755344418054,0.4932439775403007,0.33455834,0.4464945
Col4a1,-2.9858534,-0.5916443,0.0028278809137132358,0.026622691811877486,0.2161520190023753,0.3038942220612208,0.12871414,0.18814108
Arhgef4,-2.988849,-0.5998335,0.002800305888838741,0.026392220004593812,0.27078384798099764,0.35808730302481434,0.18376291,0.26676342
Akap5,-2.9953253,-0.76230705,0.0027415232926070883,0.025892699779385752,0.10451306413301663,0.19467487773953993,0.0705947,0.1169565
Colgalt2,-2.9987395,-2.4689038,0.002710990180914008,0.025631353329049755,0.023752969121140142,0.10874841514218439,0.011165334,0.060304787
Paqr8,-3.0109184,-0.7981642,0.002604589000715234,0.02468617511436273,0.1995249406175772,0.2872305741713458,0.13554622,0.22507852
Gab1,-3.0167603,-1.3128624,0.0025549165783925504,0.02424959677195614,0.17339667458432304,0.24640463684115196,0.12694144,0.28987235
Tnfrsf21,-3.0183144,-0.4576047,0.0025418516596222925,0.024151186030428217,0.3254156769596199,0.4194892229668538,0.23996346,0.31658408
mt-Co3,-3.024997,-0.7263157,0.0024863559283273074,0.02367412607872245,0.5724465558194775,0.6081144720159392,0.5448248,0.7876849
Abhd17c,-3.0296829,-0.6492409,0.002448106952755062,0.023334740624522354,0.14251781472684086,0.23448650606774135,0.08815472,0.1349977
Gm46102,-3.0431514,-1.8127666,0.0023411445153239236,0.022434576721381536,0.0332541567695962,0.12030429270059771,0.021146,0.07239527
Gpr37,-3.0479193,-1.1844621,0.0023043185305563823,0.02212112858737049,0.0997624703087886,0.18699510958159754,0.064805366,0.14164367
Wnt4,-3.058696,-2.112287,0.0022230261610113352,0.021371274757200208,0.026128266033254157,0.11334903097264988,0.0153327845,0.06466938
Smap2,-3.0588021,-0.5121911,0.002222238158440555,0.021371274757200208,0.4584323040380047,0.5230936424560768,0.34569252,0.46309394
Hspa8,-3.0620253,-0.70274574,0.0021984492889457353,0.02115771217549137,0.6294536817102138,0.6717623618909618,0.60211694,0.8520123
Mal,-3.062098,-1.2472118,0.0021979143945139203,0.02115771217549137,0.19714964370546317,0.27585582322043106,0.15489684,0.3348315
Ddx17,-3.0682194,-0.29858544,0.0021533849014190353,0.020768647631417617,0.7315914489311164,0.7143271146531426,0.73873746,0.85215074
1700047M11Rik,-3.07384,-2.7742407,0.002113228090224842,0.020432687579827816,0.026128266033254157,0.11251584857815614,0.018145459,0.11802224
Rab40b,-3.0742922,-0.44942114,0.00211002736778415,0.020409084007329055,0.3586698337292161,0.44712914327114656,0.26362282,0.34492433
Map3k14,-3.0766623,-1.8525474,0.0020933230345068035,0.02026210012146895,0.03800475059382423,0.12588299221155588,0.02142611,0.07530466
Gm20063,-3.0824924,-1.2534239,0.002052750713278473,0.0198908805141697,0.07125890736342043,0.15950009056330375,0.041151192,0.09545005
Sec14l5,-3.0845892,-2.544737,0.002038333822511698,0.019763146648502438,0.030878859857482184,0.11780474551711646,0.021841783,0.12119878
Gm44257,-3.0880854,-0.6203602,0.0020145051185814916,0.019555546436519033,0.25653206650831356,0.34048179677594637,0.16656224,0.24577285
Gm31698,-3.0881097,-1.5997169,0.0020143405389760794,0.019555546436519033,0.04513064133016627,0.13341785908349937,0.027298244,0.08054356
Cyth1,-3.0943372,-0.4669586,0.0019725310372629198,0.019217515943167025,0.4489311163895487,0.5300489041840246,0.35510275,0.46327198
mt-Nd4,-3.094844,-0.8347159,0.0019691637105668344,0.01919166808231079,0.35391923990498814,0.42727766708929543,0.29294935,0.4744068
Anxa11,-3.0957909,-0.9410084,0.001962886791844203,0.019151331916068895,0.10688836104513064,0.19612389059952906,0.062094755,0.11599738
Bves,-3.0968015,-1.9029981,0.001956207656301905,0.019093098338115577,0.035629453681710214,0.12316609309907625,0.016834337,0.061557516
Gramd3,-3.1071625,-2.682173,0.0018889249581823151,0.018496870855087028,0.035629453681710214,0.12236913602608224,0.020292047,0.123605266
Actg1,-3.1101549,-0.7483232,0.0018698924014017694,0.018343924361323673,0.32779097387173395,0.41438145263539217,0.25540093,0.39796922
A530058N18Rik,-3.1179,-2.692837,0.001821446773022733,0.01792100871150525,0.021377672209026127,0.10961782285817787,0.010896305,0.068442464
Nup93,-3.1200213,-0.3675964,0.0018083800866261729,0.017798964442360905,0.4916864608076009,0.5492483245788806,0.42007157,0.5149625
Sox2,-3.1219332,-2.4659526,0.0017966771146110407,0.017703232148734385,0.04275534441805225,0.12979532693352652,0.01969955,0.104285635
Gprc5b,-3.1284733,-1.6915655,0.0017571698317797168,0.01737128527590912,0.07125890736342043,0.15819597898931353,0.039264824,0.12164314
Rras2,-3.1299453,-0.46612632,0.001748389225225596,0.017297208572095643,0.4489311163895487,0.501865604057236,0.3482487,0.4545515
Diaph3,-3.1317782,-1.9882935,0.0017375106103442225,0.01720225132643672,0.052256532066508314,0.14008331823944936,0.027978618,0.10667951
Ryr1,-3.1420906,-1.3729094,0.0016774608457081313,0.016636896348723215,0.06413301662707839,0.15330556058685021,0.031787846,0.08033552
Unc13c,-3.142995,-1.0684881,0.001672286685651235,0.016599034611341476,0.14489311163895488,0.22927005977178047,0.12334607,0.2431943
Slc39a12,-3.1463516,-2.4757655,0.0016532113678933535,0.016446423345166387,0.028503562945368172,0.11769606955261729,0.018713465,0.09991403
Neurod1,-3.1494076,-1.7492418,0.0016360178530235752,0.016293476542158437,0.047505938242280284,0.13696794059047274,0.024370769,0.07967642
Adgra3,-3.1503122,-1.5671297,0.0016309614458719919,0.016255168416387397,0.07125890736342043,0.1595725412063032,0.03370422,0.09673879
Slitrk2,-3.1713467,-1.2186955,0.0015173396834889542,0.015218707463735796,0.09026128266033254,0.1805470023546459,0.052031636,0.11716252
Vat1l,-3.1723542,-1.1016837,0.0015120846369582192,0.015174359042988281,0.09501187648456057,0.18627060315160296,0.058641072,0.12187236
Tmem164,-3.1780505,-0.8593398,0.001482688649508497,0.014915703486444519,0.25653206650831356,0.33399746422749504,0.16900767,0.2882186
Slc20a2,-3.1790278,-0.6140231,0.001477698992691056,0.014871075630565047,0.25415676959619954,0.35095091468936784,0.16946411,0.2489221
Zfp941,-3.1796196,-0.67305833,0.0014746848331967663,0.014851867116940446,0.11401425178147269,0.21014309001992393,0.0744355,0.11619273
D16Ertd472e,-3.1850216,-1.0740701,0.0014474317022715522,0.014626735554733587,0.09738717339667459,0.1891324035500815,0.06059728,0.12356561
Fa2h,-3.1855497,-1.6519252,0.0014447926920232075,0.014611057446241471,0.07600950118764846,0.16460786089476545,0.062593155,0.18480797
Cdc14a,-3.1858168,-2.4192998,0.0014434597094891484,0.01460307319050204,0.040380047505938245,0.1297591016120268,0.020935845,0.107210614
Cdh13,-3.1872401,-0.5966646,0.00143637461845497,0.014547827364449695,0.5320665083135392,0.5432711465314255,0.60689443,0.8163749
Cox6b1,-3.1923752,-0.8210486,0.0014110795033453485,0.014334860587859929,0.25653206650831356,0.3513493932258649,0.20021836,0.3304699
Plekha2,-3.1941748,-1.8180677,0.0014023118935010816,0.014251180249006831,0.05938242280285035,0.14863249411338525,0.03349148,0.11341236
Col26a1,-3.1964843,-1.7698467,0.0013911339668247489,0.014154684723135278,0.047505938242280284,0.1378011229849665,0.0282535,0.09323845
Tspan2,-3.198366,-1.3431396,0.0013820879166331782,0.014077597543568422,0.17814726840855108,0.25959065386705305,0.116701886,0.27311018
Lifr,-3.1992004,-0.5775916,0.0013780929492517955,0.014047555973594745,0.26365795724465557,0.35971744249230214,0.18471357,0.26448497
Dleu2,-3.199498,-0.46607015,0.0013766718639300181,0.01404386540233986,0.6460807600950119,0.6545191088570911,0.6429821,0.80922693
Fhod3,-3.2112944,-0.6701717,0.0013213849896670858,0.01354643095947627,0.31353919239904987,0.3806556783191451,0.25272006,0.3767398
Mxd4,-3.2234368,-0.79483247,0.0012666223938035091,0.013005022438479286,0.16389548693586697,0.25977178047455174,0.09758469,0.1636766
Selenow,-3.2259922,-0.6938596,0.001255367963644034,0.01290426059032716,0.4821852731591449,0.5458431443579062,0.3817698,0.56074816
Tspan13,-3.228056,-0.45029685,0.0012463463471953692,0.012816427994312886,0.6152019002375297,0.6111211737004166,0.5352583,0.676616
Abtb3,-3.2342045,-1.8111937,0.0012198209270190337,0.012596690357033603,0.0688836104513064,0.15797862706031515,0.04315854,0.143904
Rbmx,-3.2357492,-0.5286375,0.0012132392970833712,0.012538361504857763,0.27315914489311166,0.3730845861257019,0.1829591,0.25434557
Gm6999,-3.2359982,-2.6418772,0.0012121820682097625,0.012532255549363724,0.021377672209026127,0.1127332005071545,0.01045628,0.0635423
Plod2,-3.2405777,-1.3265393,0.001192877772373226,0.012346928252568792,0.0665083135391924,0.1593189639558051,0.037311852,0.091070086
Kcng3,-3.242444,-1.6968458,0.001185091997626677,0.012280532964222449,0.04513064133016627,0.13740264444846947,0.022485971,0.071132384
Metap1d,-3.245145,-0.574215,0.0011739078912277408,0.01216933064710239,0.29453681710213775,0.39094366962506794,0.19895071,0.28347227
Rassf8,-3.2496002,-1.1922705,0.0011556732991035682,0.0119941836797655,0.10451306413301663,0.19637746785002716,0.061127413,0.13456705
Mag,-3.250793,-1.5583644,0.0011508363111934381,0.011948598022321361,0.13539192399049882,0.22021372939684838,0.10202395,0.27485794
Hif1a,-3.2517946,-0.5537403,0.0011467891783852133,0.01191578701593607,0.3491686460807601,0.4418402463321862,0.24556135,0.34257486
Sorbs2os,-3.262292,-0.6150732,0.0011051523685169432,0.0115054026121853,0.15914489311163896,0.25727223329107046,0.100198045,0.14964229
Ccdc50,-3.2641675,-0.5315915,0.0010978622004804892,0.01144280734170316,0.498812351543943,0.5588118094548089,0.38842288,0.522432
Rin1,-3.2773085,-1.5151244,0.001048018103155278,0.010961559529693389,0.05463182897862233,0.14787176236189095,0.026632464,0.074313655
Hsp90aa1,-3.283697,-0.6251404,0.0010245507647825974,0.010728635639013403,0.7743467933491687,0.7956167360985329,0.8502948,1.1207922
Ar,-3.2884464,-0.5399398,0.0010074197920323877,0.01056571811549971,0.23515439429928742,0.33388878826299584,0.17678288,0.24775511
Rhob,-3.289703,-1.1386062,0.001002932578698566,0.010526874370949402,0.14251781472684086,0.23589929360623074,0.08595264,0.18032922
Fgf10,-3.2911048,-1.4785177,0.0009979469574832056,0.010482734459567527,0.04513064133016627,0.13993841695345047,0.028776884,0.078215204
Ccnjl,-3.292859,-1.0495957,0.0009917418450359425,0.010421628226873592,0.1187648456057007,0.21206303205940952,0.07147978,0.14269334
Kcnj6,-3.2970593,-0.351323,0.0009770288148546274,0.010287133328818119,0.6460807600950119,0.6307190726317696,0.69984317,0.8298074
Eya1,-3.2990167,-1.7716862,0.0009702412273718012,0.010223679129207961,0.08076009501187649,0.17141822133671436,0.04977888,0.16064928
Dock11,-3.299126,-0.8549192,0.0009698636750025137,0.010223679129207961,0.23990498812351543,0.323600796957073,0.17058925,0.289992
Rab3c,-3.3055143,-0.3751026,0.0009480224481129279,0.010009180031746317,0.6864608076009501,0.6441586669081688,0.72984713,0.8729215
Cdh9,-3.3088284,-0.6315365,0.0009368723262714109,0.009899236888286594,0.5344418052256532,0.5346495200144902,0.58251095,0.7996233
Tbl1xr1,-3.3099666,-0.37686947,0.0009330714112461252,0.009862953902511165,0.6484560570071259,0.6508241260641188,0.5885601,0.7132565
Arhgap15,-3.3120363,-0.56983304,0.0009261954089890039,0.00979798056674588,0.28978622327790976,0.37942401738815434,0.23574731,0.33262247
Lamb1,-3.31244,-0.81873065,0.0009248599705064356,0.009787706737892053,0.14726840855106887,0.24423111755116828,0.08739606,0.1493598
Thsd7b,-3.3181303,-0.46187094,0.0009062221866350617,0.009615446038111097,0.5130641330166271,0.555334178590835,0.67816126,0.84859055
Fibcd1,-3.3291073,-2.061329,0.0008712483295047395,0.009275135742389997,0.035629453681710214,0.1299764535410252,0.020457413,0.08274299
Cilk1,-3.3356686,-0.70586085,0.0008509452340214609,0.00907337239609391,0.24703087885985747,0.34551711646440864,0.16550119,0.25741097
Gm16083,-3.3375745,-0.72508156,0.0008451305239854855,0.009018529459686257,0.19239904988123516,0.28694077159934794,0.12596974,0.20041585
Ptprj,-3.3393924,-0.2708652,0.0008396186862844896,0.008973967422619028,0.8099762470308789,0.7102336533236733,0.8809506,0.9951254
Gm5087,-3.342415,-1.5861421,0.0008305275202201473,0.008887405204426666,0.0688836104513064,0.16268791885527983,0.040672723,0.11745894
Yes1,-3.3432467,-0.97185117,0.0008280426007842202,0.008871413350507177,0.16389548693586697,0.2564752762180764,0.097871505,0.18371142
Pnma2,-3.3464303,-1.125929,0.0008185927795792149,0.008777169986948725,0.08076009501187649,0.1791342148161565,0.047682524,0.10127797
Gad2,-3.3532739,-1.2873179,0.0007986165719746717,0.008579867823983177,0.13539192399049882,0.2249592465133128,0.10370092,0.2364122
C130073E24Rik,-3.36182,-0.8968184,0.0007743059235258583,0.008352308376210281,0.26128266033254155,0.3443216808549176,0.24045764,0.40954828
Npy1r,-3.362612,-0.9034125,0.0007720878401602285,0.008335074433549755,0.10926365795724466,0.20854917587393587,0.06785147,0.12338505
Notch2,-3.3692462,-1.6536084,0.0007537406005170404,0.008156669325772402,0.09263657957244656,0.18514761818511138,0.04979442,0.14896199
Lypd6,-3.3722324,-2.7270815,0.0007456146819368269,0.008071984892684344,0.035629453681710214,0.12979532693352652,0.01769605,0.11173028
Adarb2,-3.373064,-0.8051455,0.0007433665016280405,0.008054136249494132,0.5676959619952494,0.5817062126426372,0.7585053,1.0930464
Agrn,-3.374011,-0.51488227,0.0007408141965193964,0.00803296104135439,0.27790973871733965,0.38431443579061764,0.18936509,0.26074386
Amot,-3.3750186,-2.8410683,0.000738107222061802,0.008010073124717536,0.019002375296912115,0.11476181851113929,0.009710887,0.06758618
Gfra1,-3.3850791,-0.8623495,0.0007115775718729304,0.007747199901225949,0.18527315914489312,0.2782829197609129,0.14055683,0.24244569
Snx9,-3.398314,-0.92591286,0.0006780253993671693,0.0074209949006093035,0.1496437054631829,0.2470929179496468,0.08763236,0.16042049
Kcns3,-3.4000833,-2.2685692,0.0006736531234110075,0.007385173164444624,0.0332541567695962,0.12928817243253035,0.016150419,0.07552651
Olfml2b,-3.404132,-1.9327824,0.000663747056430012,0.007282516703256196,0.052256532066508314,0.14772686107589206,0.02422634,0.08949649
Vegfc,-3.4069147,-0.9512545,0.0006570163012900229,0.007220461356099352,0.09026128266033254,0.1905089657670712,0.065741576,0.12344351
Kcng2,-3.4088967,-1.698555,0.0006522620496381889,0.007171146184033608,0.06175771971496437,0.15747147255931895,0.029139863,0.09164207
Ano6,-3.414335,-0.47208118,0.0006393790244404534,0.007035263876623662,0.47268408551068886,0.5309545372215179,0.37504745,0.4893268
Gse1,-3.4158251,-0.44093502,0.0006358906697964011,0.007002615695667746,0.517814726840855,0.5755841333091831,0.45124978,0.57331383
Megf9,-3.4301193,-0.36951113,0.0006033159642904955,0.006673981045897742,0.6579572446555819,0.6286904546277848,0.5713723,0.6909827
Ankfn1,-3.4306686,-2.5203505,0.0006020957006710764,0.006663225484774226,0.03800475059382423,0.133997464227495,0.019383209,0.106421486
Sytl5,-3.436362,-3.1327958,0.0005895826877170887,0.006535514364256673,0.023752969121140142,0.12023184205759826,0.010283097,0.08678472
Slitrk5,-3.4566317,-0.5557024,0.0005469717697079279,0.006080732913550691,0.34441805225653205,0.4372758558232204,0.23073265,0.32314646
Pacsin2,-3.457005,-0.9408395,0.0005462146555443922,0.006077344842433879,0.1330166270783848,0.23387067560224598,0.085739434,0.15858492
Mindy3,-3.465806,-0.46838373,0.0005286443858610411,0.0058989512658165185,0.4323040380047506,0.5178047455171164,0.34404424,0.4498944
Plat,-3.4662492,-1.2016935,0.0005277738932985177,0.0058930812779374895,0.0688836104513064,0.1695345046187285,0.041888893,0.09385002
Orai2,-3.4682734,-0.8336698,0.0005238140182660902,0.005854776485361831,0.16864608076009502,0.2685020829559862,0.101917684,0.17497595
Crispld1,-3.4738667,-1.919453,0.0005130159013972672,0.005755631428202325,0.0498812351543943,0.1476544104328926,0.025238806,0.09229503
Neo1,-3.4794145,-0.3770064,0.0005025109326295548,0.0056495685187264175,0.6912114014251781,0.6727404455714544,0.67060137,0.8068086
Gm20033,-3.4884887,-1.1877184,0.00048575958052171414,0.005474983191534589,0.07838479809976247,0.1796775946386524,0.044179454,0.09793733
Ptgds,-3.490604,-1.1616694,0.0004819302418717347,0.005434102223706887,0.28028503562945367,0.3664191269697519,0.22358459,0.44502217
Megf11,-3.4955385,-0.9662565,0.00047310613422807765,0.005350320634136552,0.14251781472684086,0.24205759826118456,0.10345062,0.19304961
Car4,-3.4969802,-1.5840603,0.0004705569530013796,0.005323732769325081,0.047505938242280284,0.14852381814888607,0.027855646,0.081293106
Ppp1r1a,-3.4992926,-0.7584151,0.00046649428025252753,0.005282217155661784,0.19714964370546317,0.30255388516573084,0.13513407,0.21894513
Abi1,-3.4995658,-0.356944,0.00046601660381001466,0.005279032944508893,0.6888361045130641,0.6755660206484333,0.64773786,0.7733445
Ap3b1,-3.5018692,-0.42609286,0.00046200631299342626,0.005240232009342914,0.5605700712589073,0.6220249954718348,0.5071288,0.6352345
Mob3b,-3.502206,-2.015033,0.00046142253389805745,0.005235820728817907,0.04513064133016627,0.1442130048904184,0.03281452,0.1264855
Nos1,-3.5043032,-0.94045585,0.00045780382837405154,0.0051969534720789036,0.12114014251781473,0.22332910704582504,0.07778913,0.14431481
Gabrg1,-3.5167825,-2.4944227,0.0004368115682282382,0.004989408995459701,0.04275534441805225,0.14080782466944394,0.01868899,0.10102409
Plch1,-3.5208552,-1.7110332,0.00043015734271608286,0.004920531204249105,0.05938242280285035,0.15808730302481436,0.038586188,0.12115362
Luzp1,-3.5244455,-0.502159,0.0004243701160947715,0.00486053922398402,0.4750593824228028,0.5391414598804565,0.3862399,0.5114519
Tmem47,-3.5310342,-1.4605454,0.000413938295850936,0.004755246690686042,0.0855106888361045,0.18565477268610758,0.05288108,0.13928531
Gm56750,-3.5382116,-1.3833883,0.00040284712244730996,0.004643716079004384,0.07838479809976247,0.17906176417315703,0.06509171,0.16165966
Wipf3,-3.5382662,-0.60473746,0.0004027637822622088,0.004643716079004384,0.5083135391923991,0.5280565115015395,0.42206797,0.5869754
Chst9,-3.547201,-0.75207704,0.0003893477076324086,0.00450938487244949,0.24228028503562946,0.3345770693714907,0.23353446,0.36675498
Lrrtm1,-3.5481992,-0.87500787,0.00038787464820589485,0.004496200085113199,0.15676959619952494,0.2605687375475457,0.09479619,0.16751672
mt-Co1,-3.5498989,-0.8396637,0.0003853792839791278,0.0044711318482379804,0.44655581947743467,0.5152689730121355,0.3850616,0.61009073
Mog,-3.5528092,-1.9283057,0.000381140787556018,0.004423867370034645,0.07600950118764846,0.17409889512769425,0.06120489,0.21529439
6430548M08Rik,-3.5540626,-0.82438016,0.00037932890568874797,0.004404739712989048,0.166270783847981,0.27045825031697157,0.098409645,0.16815847
Bcan,-3.5619562,-1.7821372,0.0003681017324559676,0.004285482474476538,0.0997624703087886,0.19684839702952364,0.056936752,0.18357718
Frmpd3,-3.5649214,-0.48620716,0.0003639653814076601,0.004244683072232564,0.18527315914489312,0.30407534866871944,0.1521527,0.20717502
Glra3,-3.5658166,-1.3507435,0.00036272499998482523,0.00423389259321992,0.05938242280285035,0.1618547364607861,0.04671114,0.11507725
Fth1,-3.5713644,-0.8134913,0.0003551265446679717,0.004157843248465533,0.5225653206650831,0.580800579605144,0.48506722,0.7405817
Pros1,-3.578642,-2.8760386,0.00034538437488959285,0.0040508416208133394,0.03800475059382423,0.13798224959246513,0.016424919,0.114735015
Meis1,-3.5817466,-2.9836204,0.00034130487125191025,0.004011750608284702,0.0332541567695962,0.13330918311900017,0.016016146,0.12018252
Pbx3,-3.5836859,-0.8154265,0.0003387795966020657,0.00399079691394016,0.23990498812351543,0.33852562941496106,0.21686395,0.35500294
Prkd3,-3.5844505,-2.6746087,0.00033778852841815857,0.003980867437980667,0.040380047505938245,0.14030067016844774,0.021680955,0.13097294
Tle3,-3.5850272,-2.3198256,0.00033704308880565974,0.0039738252725792355,0.03800475059382423,0.13928636116645535,0.016384672,0.07925273
Lrmda,-3.5932121,-1.6197884,0.00032662639747212986,0.0038577807912422548,0.11163895486935867,0.20978083680492665,0.08563787,0.24278075
Etv6,-3.5972152,-0.64359754,0.00032164242387183945,0.003802257778018621,0.3824228028503563,0.4680673790979895,0.30502653,0.44287777
Rgl1,-3.6094365,-0.44635427,0.0003068628797937657,0.003633938113732254,0.5463182897862233,0.5788081869226589,0.4737039,0.60192883
Mamld1,-3.6114213,-0.56326944,0.0003045235091079688,0.003609416272488364,0.32304038004750596,0.42296685383082777,0.23071001,0.32456765
Apbb1ip,-3.6186717,-2.4958994,0.0002961191770108345,0.0035191164468293336,0.052256532066508314,0.1526535047998551,0.036730174,0.1914789
Abtb2,-3.62899,-2.4946215,0.00028453221226045936,0.003387408304580657,0.052256532066508314,0.15250860351385617,0.030133752,0.15906371
Mpp3,-3.6343374,-1.1499289,0.0002786958974672883,0.003319396615667569,0.0855106888361045,0.19137837348306466,0.048729654,0.10509
Agmo,-3.6379519,-2.7757597,0.00027481466755499106,0.003274620894546612,0.04513064133016627,0.1456257924289078,0.028219063,0.1789884
Arhgap5,-3.644219,-0.51434517,0.0002682050553098293,0.003198699439047986,0.6935866983372921,0.6907082050353197,0.66747946,0.8569483
Tjp2,-3.647178,-1.4560837,0.0002651363538042863,0.003164812796433318,0.10926365795724466,0.2104691179134215,0.065268554,0.16978142
Phlpp1,-3.6476302,-0.43213108,0.0002646703029597801,0.003160751573568574,0.7957244655581948,0.7459518203224054,0.93849254,1.131261
Gpr161,-3.6479335,-1.2264693,0.00026435794796141906,0.00315842510525715,0.07600950118764846,0.18188733925013584,0.046765905,0.10618581
Ptpn3,-3.649181,-0.5582463,0.0002630777943883452,0.0031459280530551116,0.37292161520190026,0.456402825575077,0.27733004,0.38567403
Rgmb,-3.6548197,-0.92163324,0.0002573628175189824,0.0030803291344031433,0.1377672209026128,0.24651331280565114,0.08360729,0.15287793
Synj2,-3.6577148,-0.7216869,0.00025447386557857774,0.0030498272828262192,0.23040380047505937,0.3426553160659301,0.16545798,0.25984585
Adgrb2,-3.6716814,-0.52416706,0.00024096005417955263,0.0029034065721096768,0.3752969121140142,0.47723238543742075,0.2819958,0.38423884
Pou6f2,-3.6820605,-1.2701045,0.0002313564997852439,0.0027926995279557516,0.07363420427553444,0.1790255388516573,0.060044236,0.13910961
Mobp,-3.6833017,-1.7579076,0.00023023236135765777,0.002780544709306153,0.12589073634204276,0.22296685383082776,0.09629818,0.29407513
Kcnk13,-3.6849892,-1.8249893,0.00022871241195948703,0.0027657527044785855,0.06175771971496437,0.16551349393225864,0.04404479,0.14802377
Tesc,-3.6911073,-1.1463224,0.00022327984708711825,0.00270492763355765,0.0831353919239905,0.19271871037855462,0.055545256,0.11905127
Vstm2l,-3.6956384,-1.4248177,0.0002193349495826369,0.002661937712414387,0.07600950118764846,0.18159753667813802,0.042711865,0.11078734
Dlx6os1,-3.7017717,-1.370613,0.00021409910161216533,0.002604274721737837,0.1876484560570071,0.2795870313349031,0.17720434,0.4063465
Nyap2,-3.7046306,-0.4664003,0.00021169895253992047,0.002577413164815434,0.6365795724465558,0.6019923926824851,0.66054064,0.8298649
Cst3,-3.7067065,-1.0187399,0.00020997202926710073,0.0025598677070812143,0.5415676959619953,0.5868864336170984,0.4812428,0.8119673
Abhd6,-3.7088401,-0.5385135,0.00020821092849119274,0.002544169007984697,0.37767220902612825,0.47571092193443215,0.28077382,0.3858233
Scg2,-3.7242267,-1.2814484,0.00019591481296355872,0.0024048565666198365,0.1496437054631829,0.2525991668176055,0.09745373,0.22219945
Pde11a,-3.7253497,-1.539251,0.00019504471432133462,0.0023952703262405217,0.09501187648456057,0.1971744249230212,0.07339591,0.1999519
Sptb,-3.7265606,-0.54945356,0.00019411048870163094,0.002384887440060733,0.28028503562945367,0.3947111030610397,0.19985107,0.28047892
Slc44a1,-3.728518,-0.32071862,0.00019260916230729691,0.0023686078678247452,0.7529691211401425,0.7075529795326934,0.7938078,0.9216695
Tspan18,-3.7405329,-1.9134398,0.00018363045981057628,0.0022696184246137007,0.06413301662707839,0.16783191450824125,0.033611458,0.12112724
Creb5,-3.7421658,-1.8801605,0.00018244113757360188,0.0022559564503463795,0.0997624703087886,0.1997464227495019,0.06538195,0.22212194
Serinc5,-3.744976,-0.6771634,0.00018041103119899023,0.0022318804826504915,0.34441805225653205,0.4391233472197066,0.23816282,0.3576701
Car2,-3.7475586,-1.5193212,0.0001785640964311811,0.002211067866869049,0.14014251781472684,0.2401738815431987,0.08736375,0.23245917
Nptxr,-3.7542171,-0.7824648,0.00017388410216961957,0.0021600859109096983,0.2992874109263658,0.4073899655859446,0.21843384,0.35059658
Hgf,-3.756384,-3.5757596,0.000172386125296538,0.0021424677089352338,0.014251781472684086,0.12037674334359717,0.007205971,0.08271497
Adamts9,-3.7585812,-2.0456111,0.00017087956773468885,0.002125710178255134,0.06413301662707839,0.16844774497373663,0.033493917,0.13157274
Osbpl8,-3.76117,-0.354957,0.00016912046823938716,0.002104801751548093,0.6864608076009501,0.6586850208295598,0.64875096,0.7737471
Ptprz1,-3.766821,-0.749859,0.00016533955972469012,0.002061565647240104,0.49406175771971494,0.5676145625792429,0.57707036,0.83856297
Crim1,-3.7688148,-0.47846013,0.000164024566158862,0.0020470692488103216,0.5344418052256532,0.5765984423111755,0.5085224,0.65414506
Asrgl1,-3.772238,-1.1139009,0.00016178978287895802,0.00202105600462929,0.171021377672209,0.2765078790074262,0.10871099,0.22198193
Shroom2,-3.7748542,-1.2386011,0.00016010134277652535,0.0020036903029367658,0.1187648456057007,0.2268791885527984,0.070723675,0.15950452
Kif1c,-3.7756097,-0.8227326,0.00015961671000094525,0.0019985559169270264,0.1543942992874109,0.26527802934251044,0.08977848,0.15370162
Klhl2,-3.7788754,-0.42408243,0.00015753830219092951,0.0019743722853872558,0.7149643705463183,0.6845861257018656,0.72909886,0.8919798
Doc2b,-3.7793062,-1.267787,0.00015726592440302843,0.0019718783895050743,0.0831353919239905,0.19123347219706574,0.04877648,0.11365134
Prr5l,-3.7848692,-2.12484,0.00015378950142559976,0.0019300905667005443,0.07600950118764846,0.17895308820865785,0.07203217,0.28198886
Abca8b,-3.78513,-0.4967401,0.00015362818583359577,0.0019290140692572596,0.37292161520190026,0.4775221880094186,0.3045059,0.4069709
Gucy1a1,-3.788001,-1.2670406,0.00015186419509047796,0.0019094950501081624,0.09263657957244656,0.20130411157399022,0.05913784,0.13681684
F730043M19Rik,-3.7934637,-0.80367994,0.00014856029573743454,0.0018705787940322708,0.21377672209026127,0.31928998369860534,0.14228524,0.23657602
Inka2,-3.798951,-0.78684443,0.0001453099238060278,0.001833088099844116,0.15201900237529692,0.26774135120449194,0.09776236,0.16312943
Fermt2,-3.8003166,-0.61370885,0.0001445113982452866,0.0018238709585959845,0.3919239904988123,0.48639739177685204,0.28310132,0.40595773
Tcf7l2,-3.813858,-2.2063909,0.00013681409655145265,0.0017340541388384586,0.06175771971496437,0.16707118275674696,0.045280416,0.19374049
Scarb2,-3.8172784,-0.754613,0.00013493195164978008,0.0017110059182772963,0.27315914489311166,0.3811628328201413,0.18403576,0.29334825
Hpca,-3.8193724,-0.94260687,0.0001337916862456283,0.0016973477853730087,0.26365795724465557,0.36511501539576163,0.17893304,0.31961423
Kdm7a,-3.8208625,-0.49205637,0.0001329858155656527,0.0016879210506608826,0.5249406175771971,0.5793877920666546,0.43855768,0.57335454
Cc2d2a,-3.8226225,-0.63381255,0.00013203976300891592,0.0016774980766191823,0.24703087885985747,0.36272414417677956,0.16679786,0.24814849
Mapk1,-3.833102,-0.31961754,0.00012653745736735514,0.0016129323906360687,0.7505938242280285,0.708531063213186,0.7635259,0.8878908
Acvr1c,-3.8341308,-1.3730447,0.00012600907528437368,0.0016069595884628007,0.07838479809976247,0.18800941858358994,0.047212414,0.11797922
Cd81,-3.8426466,-1.0335431,0.00012171466663683144,0.001559596133777616,0.31116389548693585,0.40427458793696797,0.22609188,0.41826117
Plch2,-3.852188,-0.733388,0.00011706700478015854,0.001504906984480015,0.12589073634204276,0.24245607679768158,0.08840273,0.14294416
Cntnap5b,-3.8635566,-0.51920307,0.00011174792796584188,0.001440819013647875,0.5486935866983373,0.5958340880275312,0.7048796,0.9030022
Arsj,-3.8656902,-1.7070462,0.00011077546835893528,0.0014303396611266654,0.07125890736342043,0.17866328563666004,0.036021,0.113105044
Man1a2,-3.869684,-0.4120299,0.0001089764692790992,0.0014084645163681558,0.6793349168646081,0.6598442311175512,0.63040864,0.7741433
D7Ertd443e,-3.8711045,-2.0392108,0.00010834337460607137,0.0014016304649326614,0.0665083135391924,0.17456982430719073,0.054117326,0.2058447
Plpp4,-3.871584,-2.0709405,0.00010813042219932553,0.001399549347059671,0.0498812351543943,0.1589204854193081,0.03056973,0.122594185
Map4k4,-3.8798873,-0.5349986,0.00010450489238860927,0.0013585130423231402,0.5748218527315915,0.6352472378192356,0.513881,0.67973506
C030047K22Rik,-3.8832772,-2.5360658,0.00010305796931489912,0.0013416509861876645,0.021377672209026127,0.13200507154500996,0.01207616,0.06809498
Prex2,-3.8888705,-0.8429472,0.00010071186886892325,0.0013142923343894938,0.2826603325415677,0.3906900923745698,0.23898594,0.39489594
Zbtb18,-3.905477,-0.7359643,9.403965438900464e-05,0.001230500559360437,0.3681710213776722,0.46596631045100523,0.2673929,0.41248628
Gm20319,-3.9101872,-2.249444,9.222461387080543e-05,0.0012094072106923093,0.040380047505938245,0.15044376018837166,0.018457877,0.084876105
Jcad,-3.9240868,-0.84401387,8.70593326722376e-05,0.0011489608393433321,0.1187648456057007,0.23666002535772504,0.08181191,0.1423932
Atp2c1,-3.9251702,-0.30289656,8.666841063136073e-05,0.0011443637315305469,0.7505938242280285,0.7167179858721247,0.81466615,0.93703705
Gbe1,-3.9317923,-1.560671,8.431489100956006e-05,0.0011165801485593292,0.0855106888361045,0.19673972106502446,0.047121197,0.13307038
Chst1,-3.9414036,-0.6661616,8.100615930390166e-05,0.001079145017598333,0.40380047505938244,0.49744611483426915,0.2968375,0.43722787
Rab31,-3.9414248,-1.0830395,8.099898387125955e-05,0.001079145017598333,0.20665083135391923,0.3133852562941496,0.14497674,0.28556368
Angpt1,-3.941704,-1.5515599,8.090473400356408e-05,0.001078863624156708,0.0997624703087886,0.20825937330193806,0.077989936,0.21330817
Ramp1,-3.9555187,-0.7891837,7.636874662447492e-05,0.0010219264052787056,0.23040380047505937,0.3471834812533961,0.15937993,0.26127696
Phldb1,-3.9556189,-1.4544922,7.633675828734886e-05,0.0010219264052787056,0.15676959619952494,0.2625249049085311,0.1012703,0.25625414
Tgfbr1,-3.9596522,-1.3957545,7.50589794599016e-05,0.0010064045798840098,0.20190023752969122,0.3029885890237276,0.15053883,0.35590753
Slc44a5,-3.9642105,-0.49933583,7.363922168715633e-05,0.0009898378622980944,0.6080760095011877,0.6080782466944394,0.6373892,0.81547225
Lnx1,-3.9643774,-0.738021,7.358771839021861e-05,0.0009896406372097968,0.21377672209026127,0.32903459518203226,0.1455002,0.2320802
Zfp697,-3.9657311,-0.60836416,7.317132992621616e-05,0.0009845336179856927,0.3752969121140142,0.459337076616555,0.26024663,0.3737452
Pde8a,-3.9683318,-2.2760317,7.2377476417136e-05,0.0009748284668313004,0.05463182897862233,0.16536859264625975,0.04122379,0.18551481
Shisal1,-3.9710238,-1.1187057,7.156441675030643e-05,0.0009648448961769863,0.10451306413301663,0.2198152508603514,0.06537661,0.13689698
Rspo3,-3.9788356,-0.7637249,6.925362084119704e-05,0.0009341590321300022,0.20190023752969122,0.3200507154500996,0.1554003,0.2511129
Gfod1,-3.981054,-0.49447843,6.8610352112792e-05,0.0009259468414217585,0.49643705463182897,0.5581235283463141,0.407762,0.53606296
Peli2,-3.9919462,-1.1023755,6.553326884674974e-05,0.0008892480435193665,0.14489311163895488,0.25817786632856365,0.10274135,0.20890221
Tmod1,-4.006908,-0.8997547,6.1518832517516e-05,0.000839091893271906,0.19239904988123516,0.30653867053070094,0.12836352,0.22756958
Raver2,-4.00814,-0.7888039,6.119882127240003e-05,0.0008351510043623102,0.3491686460807601,0.4219525448288354,0.25737587,0.4101994
Cpne8,-4.0091295,-0.81167144,6.094300793607663e-05,0.0008325056549274931,0.37292161520190026,0.43296504256475277,0.30282077,0.48290974
Kcnip4,-4.0184555,-0.41423458,5.858086243777777e-05,0.0008035057548254664,0.9714964370546318,0.9522550262633581,3.4227452,3.7016993
Dnah5,-4.036649,-1.3773336,5.42199885431793e-05,0.0007463581414729651,0.05463182897862233,0.17272233291070457,0.03960247,0.099797145
Crhr1,-4.0424094,-2.1517396,5.290470961992628e-05,0.0007300033640597463,0.0332541567695962,0.1484151421843869,0.017096968,0.07383203
Wasf1,-4.0465612,-0.2670712,5.197552154203852e-05,0.0007191463768458162,0.831353919239905,0.7149429451186379,0.93868315,1.0554171
Bcas1,-4.047581,-2.3075194,5.1749677263841765e-05,0.0007163904317771398,0.0855106888361045,0.19376924470204673,0.05526038,0.24784063
Plce1,-4.0477357,-2.2590768,5.171547873045845e-05,0.0007162860378801126,0.04275534441805225,0.15696431805832275,0.026563719,0.12120859
Cdc40,-4.0504913,-0.6337548,5.111018423748905e-05,0.0007086329465744741,0.42755344418052255,0.5001267886252491,0.3011341,0.43516454
Rap1a,-4.064063,-0.6764988,4.822574364806314e-05,0.0006714122962815836,0.46318289786223277,0.5533780112298496,0.3629987,0.5303061
Ddx5,-4.077632,-0.30851066,4.5496683082827904e-05,0.0006344036712172215,0.8622327790973872,0.804926643723963,1.0318389,1.1746072
Gm4221,-4.0778656,-1.5887704,4.545099152345972e-05,0.0006340956086372599,0.07363420427553444,0.18920485419308097,0.046344377,0.13337749
Gm10848,-4.0861936,-1.9209979,4.3850828543657635e-05,0.0006130446217315716,0.040380047505938245,0.15714544466582142,0.021693312,0.079778224
Gjc3,-4.088649,-2.125749,4.338935536304562e-05,0.0006072249888567895,0.07600950118764846,0.1878282919760913,0.057045195,0.22809121
Ankrd6,-4.0939627,-0.7906669,4.240626961447665e-05,0.0005937761670354286,0.2161520190023753,0.3328382539395037,0.14873415,0.244835
Kcnk10,-4.095617,-0.6025343,4.2104620981290154e-05,0.000589859836166458,0.34679334916864607,0.4492664372396305,0.2599462,0.37207866
Stum,-4.0986,-0.7477478,4.156568689149307e-05,0.0005826134620628163,0.28741092636579574,0.39213910523455897,0.19178912,0.3038029
Efcab1,-4.1016197,-1.6022168,4.102684337420818e-05,0.0005759558328329369,0.05463182897862233,0.1723600796957073,0.030727353,0.09051618
Fign,-4.1131306,-2.1201208,3.9032916735910154e-05,0.0005502699227145361,0.0688836104513064,0.18228581778663286,0.047375467,0.19137439
Klhl5,-4.113237,-0.9378116,3.901495338426092e-05,0.0005502699227145361,0.2375296912114014,0.3473646078608948,0.14231916,0.25695172
Trhde,-4.1160564,-0.6206303,3.854101288689226e-05,0.000544477926535644,0.4418052256532066,0.5218982068465857,0.5085409,0.7026921
Ntf3,-4.1233945,-2.1632276,3.733293098801757e-05,0.0005288011890606389,0.0498812351543943,0.16522369136026083,0.024689969,0.106130615
Prdm8,-4.1347694,-1.7187598,3.553114853494628e-05,0.0005051438947798976,0.0498812351543943,0.16931715268973013,0.031221313,0.09929065
Ddn,-4.1358557,-1.1734967,3.536343532061561e-05,0.0005030256787003396,0.1496437054631829,0.26734287266799495,0.09028528,0.1931971
Mfap3l,-4.1393304,-0.84420234,3.4832066827226324e-05,0.0004962351954405001,0.17577197149643706,0.2980257199782648,0.10910982,0.1881109
Hs6st3,-4.140918,-0.32889062,3.4591885264196063e-05,0.0004933566651002911,0.9144893111638955,0.791595725412063,1.7895161,1.982834
Disp3,-4.1455398,-1.3910468,3.390139265623081e-05,0.00048427986213339815,0.09026128266033254,0.20789712008694078,0.048325174,0.12208853
Cpne5,-4.1487145,-1.7463093,3.343476577796878e-05,0.0004781224887993726,0.05463182897862233,0.17344683934069915,0.031199986,0.10104438
Lhx2,-4.1561894,-1.282161,3.235998545732796e-05,0.00046398762499381133,0.12114014251781473,0.23796413693171528,0.064559035,0.15030487
Aff1,-4.161746,-1.8944994,3.158234911550035e-05,0.0004530794024204455,0.07363420427553444,0.190001811266075,0.03724735,0.13198784
Sh3bp4,-4.172395,-1.3409736,3.014140903414415e-05,0.00043333315181779205,0.09501187648456057,0.2147074805288897,0.0557202,0.13554296
Nek7,-4.172817,-1.3015898,3.0085636644315748e-05,0.00043276287828306433,0.17814726840855108,0.288933164281833,0.11699053,0.2669147
Wscd2,-4.1987076,-0.59959626,2.684428263600749e-05,0.00038884413715877154,0.37767220902612825,0.4704220249954718,0.27696976,0.39444998
Cemip,-4.1990867,-0.8937524,2.6799354174591766e-05,0.0003884027220449195,0.23990498812351543,0.3472921572178953,0.1739862,0.30239347
mt-Nd2,-4.2084765,-0.9540484,2.5709807399946533e-05,0.00037364462384522555,0.334916864608076,0.4385437420757109,0.28127408,0.48812976
Nkain3,-4.2178726,-0.46761197,2.466181250400242e-05,0.00036132110249866137,0.6532066508313539,0.6692628147074805,0.9909843,1.2066702
Rab8b,-4.218385,-0.8762965,2.4605791928640136e-05,0.00036069701534236794,0.2755344418052256,0.3850389422206122,0.17678906,0.30378604
Tmem196,-4.222519,-1.1618893,2.4158711087361694e-05,0.0003547238070586933,0.10688836104513064,0.22836442673428728,0.07893578,0.1687102
Zhx2,-4.22434,-0.9237781,2.3964221146897642e-05,0.0003522530756111267,0.20902612826603326,0.3266074986415504,0.13417351,0.24090783
Creb3l2,-4.22766,-2.3747563,2.361342948977953e-05,0.0003472867270883284,0.040380047505938245,0.16018837167179859,0.023208339,0.11491424
Spidr,-4.2324367,-2.2447326,2.3117287020327816e-05,0.00034054906920844756,0.04513064133016627,0.1647889875022641,0.024936045,0.11303402
Arhgef28,-4.2439723,-0.5873093,2.1959748664607425e-05,0.0003242079377021986,0.517814726840855,0.5643542836442673,0.44853064,0.6154015
Rb1,-4.266139,-0.5490035,1.9888504004084012e-05,0.00029606875489736144,0.5486935866983373,0.60666545915595,0.4684261,0.6281581
Shroom4,-4.270054,-1.0304745,1.954258255594197e-05,0.0002912419263883309,0.13539192399049882,0.25959065386705305,0.091037944,0.17788728
A330008L17Rik,-4.272272,-0.7050418,1.934911177891782e-05,0.00028899979627544295,0.3159144893111639,0.42376381090382176,0.2733718,0.41377354
Evc2,-4.278612,-1.8928642,1.8806229162297197e-05,0.00028120388291092135,0.0498812351543943,0.1718529251947111,0.026410855,0.09475482
Rai2,-4.2800508,-1.6413857,1.8685083119029036e-05,0.000279703723347248,0.06175771971496437,0.18384350661112117,0.03444127,0.10374404
Dse,-4.282005,-1.5030105,1.8521678702716875e-05,0.0002774122111159434,0.06413301662707839,0.18800941858358994,0.04016813,0.10990089
Tgfb2,-4.287295,-1.4069573,1.8086221221096386e-05,0.00027134381027965376,0.10688836104513064,0.22735011773229488,0.065975025,0.16623524
Dchs2,-4.295707,-1.8053496,1.741371508592045e-05,0.0002619857359231145,0.047505938242280284,0.17025901104872307,0.034821834,0.11676113
Stac,-4.3269057,-2.2177768,1.5121868842340175e-05,0.00022956192982693814,0.04275534441805225,0.1648252128237638,0.026569286,0.1180057
Ece2,-4.3306537,-1.5818316,1.4866732986278362e-05,0.0002259440697631785,0.0855106888361045,0.2069190364064481,0.041306335,0.11888422
Gm16168,-4.3308964,-2.0831892,1.4850348310118635e-05,0.00022582278386694272,0.0855106888361045,0.20441948922296685,0.06170355,0.23878044
Dennd2b,-4.333737,-0.86460656,1.4659922375090308e-05,0.00022305329230955636,0.2042755344418052,0.3279478355370404,0.13442361,0.23268032
Cald1,-4.3376765,-1.4379718,1.439969876771048e-05,0.00021971601697239106,0.12589073634204276,0.24622351023365333,0.07766405,0.19787477
Sh3bgrl,-4.35357,-0.9151529,1.3393838401627224e-05,0.0002049501354508676,0.20902612826603326,0.3321861981525086,0.1374458,0.2451778
Filip1,-4.356283,-1.1659431,1.3228970355241486e-05,0.00020265817186165263,0.12114014251781473,0.24539032783915957,0.072059624,0.15499805
Tnrc18,-4.380489,-0.6214741,1.184132738469285e-05,0.00018254530512145547,0.42280285035629456,0.5270422024995471,0.31797475,0.45482978
Pcdh20,-4.381105,-1.540661,1.1807891113931637e-05,0.00018213434800880773,0.09026128266033254,0.21467125520738997,0.05279658,0.14645848
Pcdh7,-4.410865,-0.40563262,1.029585822338937e-05,0.00016065604556473424,0.7862232779097387,0.7844231117551168,1.4618211,1.6844838
Lamc1,-4.4153504,-0.67965245,1.0084653552215573e-05,0.00015763504418151976,0.32304038004750596,0.4416591197246876,0.22697487,0.34225816
Arhgef26,-4.424789,-1.6252304,9.65367176757149e-06,0.00015142683035297485,0.13064133016627077,0.24774497373664192,0.07614508,0.21839249
Icam5,-4.43094,-0.736229,9.382303828139001e-06,0.00014734219980251022,0.2755344418052256,0.4057960514399565,0.19971137,0.31351632
Dpf3,-4.4375715,-1.292924,9.097950162881815e-06,0.00014321143578010213,0.17339667458432304,0.28755660206484335,0.115550704,0.26246706
Kctd4,-4.4493437,-1.2654907,8.613308647396019e-06,0.00013614094315031236,0.1543942992874109,0.27647165368592647,0.08558358,0.19458911
Slitrk3,-4.4500265,-0.89103293,8.58596789767133e-06,0.00013578867416740945,0.20665083135391923,0.3337438869769969,0.12290305,0.2171438
Sorcs1,-4.456342,-0.8827084,8.336996948250304e-06,0.0001322403234943835,0.3847980997624703,0.4654229306285093,0.41279462,0.66385484
Cbfb,-4.458342,-1.4034486,8.259603360982231e-06,0.00013116757819715873,0.11163895486935867,0.23814526353921392,0.0696465,0.17463028
Trf,-4.474442,-1.691772,7.661114825314869e-06,0.00012231381779929324,0.15676959619952494,0.27451548632494116,0.11530569,0.3327688
Boc,-4.476278,-2.1866045,7.59555690308001e-06,0.00012141143009265903,0.05463182897862233,0.1796775946386524,0.024936644,0.10880681
Tshz1,-4.477516,-1.7315748,7.551649153597244e-06,0.00012085337269634184,0.09026128266033254,0.21481615649338887,0.05035122,0.15827915
Sec14l2,-4.481486,-1.7535043,7.41251637809821e-06,0.00011876822604621282,0.07363420427553444,0.19981887339250134,0.034212172,0.11096114
Adam12,-4.4910245,-1.0707333,7.088144847793204e-06,0.00011384246985068941,0.171021377672209,0.2987864517297591,0.13973415,0.27384263
Sertm1,-4.494399,-1.2966863,6.976667480331236e-06,0.00011211905215101692,0.10451306413301663,0.2324941133852563,0.060681544,0.14296418
Arhgef6,-4.5208416,-1.9695444,6.1594219786245264e-06,9.976110220954855e-05,0.0665083135391924,0.19347944213004892,0.034895025,0.1302181
Tiam2,-4.5366564,-0.818296,5.715311820513839e-06,9.290407054882448e-05,0.2660332541567696,0.3860532512226046,0.18385811,0.3044793
Arhgef2,-4.5461373,-0.76361114,5.463941593897469e-06,8.8871737668296e-05,0.31353919239904987,0.4343053794602427,0.21052909,0.3349223
Mdga1,-4.5678396,-1.1169075,4.927772147299944e-06,8.058991941445497e-05,0.11163895486935867,0.24404999094366964,0.07717924,0.16043106
Ston2,-4.5778637,-1.6976749,4.697488776841366e-06,7.715252043626376e-05,0.10688836104513064,0.23253033870675602,0.059364304,0.18098338
Pgbd5,-4.5815115,-0.6261009,4.616272911791656e-06,7.600444432588346e-05,0.43942992874109266,0.5335265350479985,0.34715173,0.49503362
Flrt3,-4.5827646,-1.0546625,4.58867941438275e-06,7.568926695178914e-05,0.16152019002375298,0.292664372396305,0.0977606,0.19336797
Adamts2,-4.5879273,-1.7297007,4.476688116643928e-06,7.402375981182914e-05,0.05938242280285035,0.19101612026806739,0.04153566,0.13160516
Dennd2a,-4.595229,-0.83956856,4.322742831256287e-06,7.165459585185468e-05,0.24465558194774348,0.37735917406266983,0.16198616,0.2735894
9130024F11Rik,-4.597699,-1.0259383,4.271818016272314e-06,7.085416672668955e-05,0.1021377672209026,0.23731208114472016,0.08805182,0.17179008
Kctd12,-4.5979757,-1.8130299,4.266160803739628e-06,7.080404002253476e-05,0.0831353919239905,0.21267886252490492,0.045461614,0.1513721
Rnf144b,-4.5979815,-1.7293836,4.266036550055526e-06,7.080404002253476e-05,0.0665083135391924,0.19637746785002716,0.042760123,0.13528405
Tmem44,-4.603399,-1.250676,4.156511918323497e-06,6.911229903796557e-05,0.16389548693586697,0.2872305741713458,0.10264945,0.2289138
Sipa1l2,-4.609453,-1.2738196,4.037291274600635e-06,6.738013450218575e-05,0.16389548693586697,0.28940409346132945,0.099635474,0.22580463
Tgfbr3,-4.613147,-0.7944928,3.966180571616618e-06,6.636595662801094e-05,0.25415676959619954,0.37804745517116467,0.18052356,0.29502097
Nhs,-4.6132684,-1.3338773,3.9638638240655675e-06,6.636595662801094e-05,0.14726840855106887,0.2715450099619634,0.112393,0.2622525
C78859,-4.6175594,-0.65618426,3.882795077430192e-06,6.51659611059021e-05,0.26365795724465557,0.4010143090019924,0.18239604,0.27408153
Pkib,-4.652527,-1.6627755,3.278918169497265e-06,5.555140681865795e-05,0.07600950118764846,0.20822314798043834,0.044065546,0.13334374
Cux1,-4.6580806,-0.8128459,3.1917100835146082e-06,5.4210651039214615e-05,0.4346793349168646,0.5087484151421844,0.339756,0.5369373
Maf,-4.6825175,-1.9180707,2.8337315074649175e-06,4.852923238086828e-05,0.10451306413301663,0.2301756928092737,0.07674948,0.263495
Nckap5,-4.68266,-0.78235406,2.8317596904512194e-06,4.852639214440323e-05,0.49406175771971494,0.5740264444846948,0.4687245,0.7072711
Hs3st1,-4.700402,-1.5775037,2.5965014627129087e-06,4.478048414832853e-05,0.09501187648456057,0.22727766708929542,0.055279046,0.15668482
Reln,-4.700951,-1.5600246,2.589525682124097e-06,4.471758038475224e-05,0.171021377672209,0.2928817243253034,0.14726053,0.3837722
Map4,-4.711594,-0.49750057,2.4578632764088564e-06,4.258077771573564e-05,0.7220902612826603,0.7109943850751675,0.6869313,0.87307775
Abhd17b,-4.7146354,-0.77482957,2.4214416606940424e-06,4.2007092419467674e-05,0.3990498812351544,0.514001086759645,0.30299202,0.47344992
Actb,-4.722893,-0.7929856,2.3251314799162393e-06,4.0437723537442944e-05,0.6128266033254157,0.6837891686288716,0.57450414,0.8522759
Dgkz,-4.7229266,-0.6988513,2.324749702144965e-06,4.0437723537442944e-05,0.4156769596199525,0.5101249773591741,0.30916122,0.46251392
Hycc1,-4.768188,-0.92362684,1.8589009742506839e-06,3.273176223991866e-05,0.22565320665083136,0.35863068284731026,0.15375862,0.27404872
Daam1,-4.7792683,-0.6409714,1.7593417057581574e-06,3.108054676773286e-05,0.5771971496437055,0.6353921391052345,0.49868292,0.69724816
Rtn4r,-4.784746,-0.96183914,1.712034047844026e-06,3.0304581597871527e-05,0.1828978622327791,0.3230936424560768,0.113986515,0.21120977
Gatm,-4.787238,-1.9642612,1.6909230388346725e-06,2.9970383940295287e-05,0.09501187648456057,0.22720521644629596,0.06095119,0.21932623
Stxbp3,-4.7927885,-1.4127209,1.6447883428155138e-06,2.9259772797006416e-05,0.1187648456057007,0.25520738996558595,0.0763545,0.19165063
Ppp1r16b,-4.8023667,-0.87199473,1.568012097748932e-06,2.7976417706848475e-05,0.3159144893111639,0.44039123347219705,0.2377875,0.3996444
Spns2,-4.805714,-1.0559676,1.5420009940992157e-06,2.7548914036865643e-05,0.17814726840855108,0.3129867777576526,0.101150975,0.19992276
Ptk2b,-4.811186,-0.60335755,1.5003733196332765e-06,2.6894617143793287e-05,0.5795724465558195,0.6026082231479805,0.55432874,0.7539666
Ghr,-4.831896,-0.86193454,1.3523904219260635e-06,2.4339404311556147e-05,0.2684085510688836,0.4002173519289984,0.21633624,0.36391845
Car10,-4.8373947,-0.6243236,1.3155187675767589e-06,2.3723482741468127e-05,0.6365795724465558,0.6376381090382177,0.92347896,1.2059795
Ttll7,-4.8375983,-0.6053532,1.3141741196032214e-06,2.3715150163692786e-05,0.6318289786223278,0.6650244520920123,0.5847588,0.79245126
Nhsl1,-4.862023,-2.0058582,1.1619226010370376e-06,2.1138023215887068e-05,0.08076009501187649,0.21746060496286904,0.052434474,0.19573987
Gm46123,-4.862493,-1.5197356,1.159163857309819e-06,2.1102122524332543e-05,0.09263657957244656,0.22999456620177505,0.05023855,0.13778901
Slc30a3,-4.866126,-2.552418,1.1380704840021837e-06,2.0760321727860608e-05,0.052256532066508314,0.1873211374750951,0.020439923,0.11434419
Mertk,-4.87493,-2.7718623,1.0884705587897985e-06,1.995034373443512e-05,0.06413301662707839,0.19786270603151604,0.04855862,0.29254586
Ugt8a,-4.8858614,-1.9767535,1.0297756422479643e-06,1.8926177501506702e-05,0.12826603325415678,0.257598261184568,0.09389038,0.32747683
Atp1a2,-4.886177,-1.7920771,1.0281270448323723e-06,1.8908811563754854e-05,0.19239904988123516,0.31689911247962327,0.14210752,0.42449796
Cdh4,-4.8864594,-1.0780452,1.026654970062232e-06,1.889467057915902e-05,0.1876484560570071,0.32124615105959065,0.14307669,0.28121373
Kcnmb2,-4.890168,-1.6816189,1.0074996922110053e-06,1.8554843543323997e-05,0.12826603325415678,0.2591197246875566,0.116312504,0.33338302
Ptpn14,-4.905318,-3.0202522,9.327612174321515e-07,1.7261221702756135e-05,0.019002375296912115,0.15870313349030973,0.011832514,0.09218567
Tmsb4x,-4.906659,-0.79427046,9.264072740877213e-07,1.7160495836066824e-05,0.6579572446555819,0.7222604600615831,0.7595834,1.0893896
Prkg2,-4.911445,-1.8764454,9.040750523529219e-07,1.6834717017826066e-05,0.07125890736342043,0.20876652780293425,0.043099344,0.14989068
St8sia4,-4.919791,-1.233191,8.663660658831959e-07,1.6166150132139912e-05,0.14489311163895488,0.2828110849483789,0.10127737,0.22359423
Myo6,-4.921157,-0.8390471,8.603415113185929e-07,1.6076061480619325e-05,0.42280285035629456,0.5313167904365151,0.33708093,0.5406205
Arhgap31,-4.9394994,-2.4854476,7.832335519241254e-07,1.4676070809066423e-05,0.0688836104513064,0.20503531968846223,0.04032822,0.20738602
Cdh7,-4.9468865,-1.5000623,7.540999299145577e-07,1.417961169825344e-05,0.09263657957244656,0.23285636660025358,0.06969671,0.18579285
Nr2f1,-4.954786,-0.78277,7.240993111910688e-07,1.3653718239792293e-05,0.2684085510688836,0.41554066292338343,0.20567231,0.33136013
Epha3,-4.9655504,-0.67326707,6.850641501572027e-07,1.2935821303390047e-05,0.5344418052256532,0.5939503713095454,0.6280865,0.8728746
Htr7,-4.9655657,-2.5528774,6.850105830467756e-07,1.2935821303390047e-05,0.03800475059382423,0.1782285817786633,0.020945404,0.11707562
Phka1,-4.970625,-1.7746656,6.673745048456665e-07,1.2628417567044407e-05,0.1187648456057007,0.2538308277485963,0.06570486,0.20893529
Fat1,-4.9825034,-2.3041081,6.276691524133949e-07,1.195284913206798e-05,0.05463182897862233,0.19492845499003802,0.03022526,0.14110884
Tnfrsf19,-4.99708,-1.0695388,5.820501561666441e-07,1.1131450317578454e-05,0.19714964370546317,0.3358811809454809,0.118106686,0.23357655
Nr3c2,-5.0168366,-0.37543485,5.252921037157692e-07,1.010350667633695e-05,0.8693586698337292,0.7724687556602065,1.4217939,1.6251591
Jmjd1c,-5.0194073,-0.25778025,5.183120247100741e-07,9.976392624612959e-06,0.8646080760095012,0.7955805107770332,1.1250445,1.2491405
Cerkl,-5.0206575,-2.830092,5.149491735637498e-07,9.933010978936078e-06,0.030878859857482184,0.17275855823220432,0.013530971,0.09246556
Gm41804,-5.03388,-1.3329291,4.806498396393558e-07,9.318225967611464e-06,0.08076009501187649,0.22796594819779026,0.054663066,0.13237546
Cyfip1,-5.0411367,-0.5601335,4.6277487800733437e-07,8.991150377481615e-06,0.6152019002375297,0.6478536497011411,0.5655275,0.75193435
Cyth3,-5.0616097,-0.7597267,4.1573132257861044e-07,8.10058059295668e-06,0.3087885985748218,0.4437964136931715,0.21723141,0.34416842
Slc4a7,-5.0693183,-0.6328683,3.992431398794813e-07,7.801936849863027e-06,0.5249406175771971,0.5851838435066111,0.425907,0.6006792
Bmp1,-5.087664,-2.11047,3.625009842373597e-07,7.135825235500261e-06,0.06413301662707839,0.20684658576344864,0.03107133,0.1277617
Prtg,-5.121918,-1.3806814,3.024429246508029e-07,6.010829427046653e-06,0.10451306413301663,0.25125882992211557,0.07019924,0.1734167
Plp1,-5.135636,-1.0335957,2.811916930995983e-07,5.59675614339719e-06,0.6769596199524941,0.7188915051621083,0.7717365,1.2184254
Smoc2,-5.1694837,-2.1818607,2.3474182127821238e-07,4.714135080527329e-06,0.0688836104513064,0.2120268067379098,0.037036963,0.15803073
Ncdn,-5.2010674,-1.0527387,1.9814740920535452e-07,3.9941642050621725e-06,0.32304038004750596,0.45748958522006883,0.23721799,0.4417141
Myh9,-5.2041626,-1.0978876,1.948731448917243e-07,3.9311121645950695e-06,0.20665083135391923,0.3498279297228763,0.12369909,0.24829628
Ptbp3,-5.2056136,-1.0105948,1.9335679016717382e-07,3.903453757920331e-06,0.25415676959619954,0.393733019380547,0.17265856,0.32186496
Sema3a,-5.20636,-1.951989,1.92580858180396e-07,3.890712525794918e-06,0.08076009501187649,0.2255750769788082,0.050670512,0.18323787
Galnt3,-5.211908,-2.0623815,1.8690852918255877e-07,3.7818013397103572e-06,0.0498812351543943,0.19818873392501357,0.03072593,0.12250664
Bdnf,-5.221143,-1.3207701,1.7782238336794368e-07,3.6115551331040415e-06,0.1377672209026128,0.2841514218438689,0.09502162,0.22234823
C030017B01Rik,-5.225358,-1.4845101,1.7381830923750556e-07,3.5485851364137e-06,0.0997624703087886,0.24850570548813622,0.05421285,0.14486799
Gpc6,-5.231513,-0.8606846,1.6812834317529906e-07,3.443299223414852e-06,0.45605700712589076,0.5526172794783554,0.6235906,0.94463307
Klf3,-5.2350698,-1.4551849,1.6492261775745594e-07,3.3802217689876743e-06,0.1377672209026128,0.2832095634848759,0.07938744,0.2042029
Wls,-5.2401624,-1.0045465,1.6043553665750713e-07,3.2907655496085624e-06,0.19477434679334918,0.3443579061764173,0.16471839,0.30693442
Pygo1,-5.242596,-1.061884,1.5833285452323765e-07,3.2550908959750544e-06,0.1543942992874109,0.30675602245969935,0.10443824,0.20687084
Itgb8,-5.257843,-1.5085704,1.4575469420837196e-07,3.008009703056033e-06,0.14726840855106887,0.28936786813982973,0.09401496,0.24723239
Arhgap6,-5.2712846,-1.660212,1.3547222944985096e-07,2.802262359751729e-06,0.11163895486935867,0.25687375475457347,0.08170588,0.23829594
Golm1,-5.2870083,-2.039261,1.2433310865847793e-07,2.583782389523049e-06,0.0831353919239905,0.2304654953812715,0.043175094,0.16665918
Ppfibp1,-5.2878733,-1.342044,1.2374679346198436e-07,2.575581983209543e-06,0.13064133016627077,0.28259373301938057,0.09738581,0.23055945
Sox6,-5.2895603,-1.9169835,1.2261065487355508e-07,2.553913408102655e-06,0.1828978622327791,0.3108494837891686,0.1500295,0.47702193
Car12,-5.2898064,-1.8103842,1.2244598284729624e-07,2.5524620318904965e-06,0.0831353919239905,0.23090019923926824,0.04825435,0.15990157
Acvr1,-5.29434,-0.66408587,1.1944679401461676e-07,2.4918752757552425e-06,0.49643705463182897,0.5805470023546458,0.40127417,0.57792795
Sncaip,-5.3027287,-2.0188122,1.1408442467525389e-07,2.387420943165165e-06,0.07838479809976247,0.22706031516029704,0.04769398,0.18062271
Heg1,-5.330965,-2.610106,9.769228800790091e-08,2.0620516722484663e-06,0.04513064133016627,0.19500090563303749,0.025219606,0.14491048
Vgll4,-5.3398113,-0.9319188,9.304326430851732e-08,1.9685610330471345e-06,0.27790973871733965,0.42072088389784457,0.19953063,0.35157254
Col23a1,-5.3477535,-1.8841693,8.905252582612789e-08,1.8885882943552144e-06,0.08788598574821853,0.23644267342872669,0.056133606,0.1932105
Col19a1,-5.3537416,-1.6299208,8.615392501789002e-08,1.8285592142422629e-06,0.12826603325415678,0.27480528889693895,0.102374576,0.28790542
Vcl,-5.3596835,-0.9966075,8.336777442704191e-08,1.7708237935609614e-06,0.27315914489311166,0.40862162651693534,0.18053144,0.33273506
Gabra4,-5.3599324,-0.603047,8.32530160093597e-08,1.7697852374774487e-06,0.5391923990498813,0.6127150878464046,0.51335335,0.70261383
Itgav,-5.3687973,-1.5179827,7.926340895321178e-08,1.687644848314422e-06,0.1543942992874109,0.30009056330374934,0.09467863,0.25029314
Lyst,-5.3775406,-0.62415075,7.551011131105031e-08,1.6141262457660477e-06,0.5819477434679335,0.6328201412787539,0.5251528,0.7249399
Serpine2,-5.3810854,-1.7886539,7.403801981441279e-08,1.5839184652971908e-06,0.11163895486935867,0.2619090744430357,0.075271055,0.2390903
Chn2,-5.3851643,-1.5580685,7.237849000190331e-08,1.5496494233873642e-06,0.14726840855106887,0.2942582865422931,0.11212369,0.29964522
Tox3,-5.3884115,-1.2484701,7.108310209624264e-08,1.524343937211524e-06,0.17577197149643706,0.3217170802390871,0.13354716,0.29226395
Slitrk4,-5.421009,-1.0152267,5.92635896657226e-08,1.2831689398210849e-06,0.21377672209026127,0.3705850389422206,0.14161985,0.26812157
Bcl6,-5.421962,-1.9479041,5.8948447608673495e-08,1.2773748284234328e-06,0.08076009501187649,0.23140735374026444,0.043278113,0.15754974
Foxn2,-5.432344,-1.2555616,5.561853066895856e-08,1.2071647165387049e-06,0.15914489311163896,0.31190001811266077,0.094188035,0.21173012
Fam13c,-5.4606833,-0.6425863,4.7430477772253654e-08,1.0395244190378921e-06,0.6033254156769596,0.632928817243253,0.5294554,0.73700845
Nectin1,-5.4664135,-1.6970541,4.592327088823642e-08,1.0073128887893166e-06,0.07600950118764846,0.2336533236732476,0.047226846,0.14565863
Wipf1,-5.4695606,-2.523602,4.511528859120037e-08,9.912083437821373e-07,0.07838479809976247,0.2273863430537946,0.046833325,0.24349941
Pdlim5,-5.5098815,-2.1550703,3.590752672843827e-08,7.980440390348522e-07,0.09263657957244656,0.24307190726317696,0.05483386,0.22397894
Pam,-5.5269647,-0.5088631,3.2581845309451285e-08,7.283479063768353e-07,0.6888361045130641,0.7296504256475276,0.98736346,1.222725
Atf7,-5.5390887,-0.65812427,3.040491977036818e-08,6.819534175540842e-07,0.5249406175771971,0.6155044376018837,0.44232574,0.6301492
Itpr2,-5.560515,-2.5220768,2.6897973609530416e-08,6.068417723661481e-07,0.07600950118764846,0.22829197609128782,0.05043452,0.2601542
Itm2b,-5.5641932,-0.7254529,2.633679795189522e-08,5.956816169759467e-07,0.6532066508313539,0.7242890780655679,0.62978697,0.8962521
Dock1,-5.565134,-1.9245621,2.619509764886546e-08,5.92975799347106e-07,0.14014251781472684,0.2874117007788444,0.0976316,0.32881925
9530026P05Rik,-5.5676136,-2.2783763,2.582518390650469e-08,5.860833543646798e-07,0.07838479809976247,0.23086397391776853,0.052218832,0.23116052
Chd7,-5.578724,-1.6346685,2.4228917756315872e-08,5.512540390450529e-07,0.18527315914489312,0.3262090201050534,0.12290155,0.34079936
Lama2,-5.5871944,-2.4010983,2.3076738911218386e-08,5.277208293995217e-07,0.0688836104513064,0.22437964136931715,0.060443856,0.28451237
4930509J09Rik,-5.590718,-1.6188996,2.2613279393802983e-08,5.180041068299115e-07,0.07600950118764846,0.23550081506973375,0.047485016,0.13920888
Znrf2,-5.592879,-1.0072613,2.2333539115938864e-08,5.120325904823185e-07,0.22327790973871733,0.3802934251041478,0.1445254,0.27197298
Clmn,-5.6154976,-1.1907341,1.959976091164677e-08,4.516685897906936e-07,0.22565320665083136,0.3785546096721608,0.15871762,0.33120006
Slc26a4,-5.626863,-1.3749905,1.835164552858504e-08,4.2509372013196556e-07,0.1187648456057007,0.27788444122441586,0.07777991,0.19044466
Cecr2,-5.6396337,-1.8594078,1.7041242123728556e-08,3.9817232683877066e-07,0.1187648456057007,0.26984241985147617,0.06499838,0.21807975
Kitl,-5.651451,-1.4748912,1.590987865435049e-08,3.736874470650329e-07,0.12351543942992874,0.282267705125883,0.08933611,0.23091389
Plekhg5,-5.684003,-0.84539944,1.315778972622389e-08,3.1204749333065837e-07,0.3752969121140142,0.5023365332367324,0.28814563,0.4700246
Ust,-5.6982093,-0.73450345,1.2107241007669808e-08,2.88150191209998e-07,0.5106888361045131,0.5910523455895671,0.5006354,0.73289883
Gm32647,-5.7160177,-1.6867348,1.0904936129861986e-08,2.6045834116390364e-07,0.27315914489311166,0.39192175330556056,0.20426357,0.54786515
Rtn4,-5.72521,-0.52819717,1.0330569035247271e-08,2.4762033004201084e-07,0.833729216152019,0.8064843325484514,0.95593524,1.1966412
Rfx3,-5.7456894,-0.5179974,9.154717802746474e-09,2.2081442312369638e-07,0.8812351543942993,0.7927549357000543,1.2641901,1.5341831
Itprid2,-5.7512646,-1.44658,8.857840675361677e-09,2.1442358463690833e-07,0.14014251781472684,0.30114109762724145,0.081871234,0.2090761
Chrna7,-5.75812,-0.91337204,8.505577021630951e-09,2.060819247711665e-07,0.35391923990498814,0.4755297953269335,0.274233,0.4664143
Myo1b,-5.7732034,-1.9827046,7.77784407500623e-09,1.891318283216447e-07,0.0831353919239905,0.24495562398116283,0.04892371,0.1807962
Diaph2,-5.7843504,-0.4259514,7.2793050459544414e-09,1.776520677427755e-07,0.7980997624703088,0.7706212642637204,1.073238,1.2770189
4921539H07Rik,-5.80069,-3.372015,6.6042561965138354e-09,1.6191274087621054e-07,0.028503562945368172,0.19203042927005978,0.017380537,0.16680022
Abca1,-5.8047934,-2.2018242,6.444549421486587e-09,1.5828614529738992e-07,0.10451306413301663,0.2615105959065387,0.056682,0.23768052
Nebl,-5.833858,-0.28161657,5.416022816522394e-09,1.3400417410677415e-07,0.8479809976247031,0.7446477087484151,1.2329988,1.3751367
Znrf3,-5.8481855,-0.85660636,4.969641622557393e-09,1.233003420111885e-07,0.3681710213776722,0.509074443035682,0.29131174,0.4777057
Sema6a,-5.851008,-1.2410477,4.8860296797378985e-09,1.2167527107929318e-07,0.23990498812351543,0.3901467125520739,0.19097883,0.4037331
Arhgap39,-5.856777,-0.53369546,4.719356627281738e-09,1.1774290861194085e-07,0.6912114014251781,0.6804926643723963,0.6643586,0.860979
Ube2e3,-5.858613,-0.88268083,4.667482604598106e-09,1.166653558935359e-07,0.3515439429928741,0.49451186379279116,0.25260723,0.42517903
Tns3,-5.888582,-2.1292634,3.895223047158025e-09,9.836902563640614e-08,0.1187648456057007,0.2771599347944213,0.06901016,0.2719927
Foxo1,-5.89152,-1.3160598,3.8265900260760525e-09,9.681777212868505e-08,0.1828978622327791,0.3424379641369317,0.13601503,0.30951864
Prdm5,-5.898291,-1.746851,3.672860351130053e-09,9.327954407832187e-08,0.11401425178147269,0.27629052707842783,0.07571217,0.23426238
Prox1,-5.910943,-1.6644791,3.401543396005205e-09,8.663456971626525e-08,0.15676959619952494,0.3104510052526716,0.1277235,0.3589852
Mkx,-5.917219,-1.6575733,3.2743007064521092e-09,8.355219371544936e-08,0.1187648456057007,0.28139829740988953,0.07967775,0.232426
Robo1,-5.934712,-0.48821777,2.943614889912458e-09,7.54003165795498e-08,0.8408551068883611,0.7912334721970657,1.4941802,1.7659839
Sntb2,-5.9501505,-0.91576743,2.678961490310586e-09,6.914860254048553e-08,0.35629453681710216,0.49443941314979173,0.28433388,0.4827043
Gng7,-5.9583626,-1.6225736,2.54777505792167e-09,6.595252004465825e-08,0.1330166270783848,0.29606955261727946,0.06898009,0.19877179
Trpc6,-5.959243,-1.4858994,2.534092823193654e-09,6.572497505715587e-08,0.171021377672209,0.3283463140735374,0.15212685,0.37858212
Myo5b,-5.974915,-1.4447191,2.3021043789909706e-09,6.005586860532756e-08,0.12114014251781473,0.2905995290708205,0.084726095,0.2156635
Bcl9,-5.9934974,-0.9612395,2.053756870555194e-09,5.383848498713958e-08,0.3254156769596199,0.46803115377648974,0.21430168,0.38207504
Slc16a2,-6.008459,-0.8960165,1.8729493226323506e-09,4.924280655492296e-08,0.3586698337292161,0.48940409346132946,0.26709685,0.45091763
Slc4a4,-6.0136943,-1.1422747,1.8134251100078702e-09,4.7724517831451e-08,0.3990498812351544,0.5083499366056874,0.42471132,0.7737991
Neto1,-6.025931,-0.6067266,1.6813925544715063e-09,4.433662211839978e-08,0.7244655581947743,0.6899836986053252,0.85278994,1.1151333
B130024G19Rik,-6.040419,-2.5282547,1.537144911902529e-09,4.081332389606813e-08,0.047505938242280284,0.2177866328563666,0.030461743,0.16418271
Man1a,-6.059438,-0.963887,1.365975766981301e-09,3.648485970058405e-08,0.4916864608076009,0.5578699510958159,0.50566345,0.82576776
Prkca,-6.083453,-0.5036574,1.1762123558156744e-09,3.157325274801915e-08,0.7553444180522565,0.7589929360623076,1.0383086,1.2772303
Gad1,-6.0861545,-2.0708475,1.156550201311844e-09,3.1076503909249256e-08,0.1021377672209026,0.2676689005614925,0.065717034,0.25104943
Tead1,-6.0901756,-1.089369,1.1278702576123982e-09,3.0427584158679856e-08,0.3016627078384798,0.44535410251765983,0.23076256,0.4397343
Add3,-6.0932894,-0.7824714,1.1061397330403488e-09,2.993149509244126e-08,0.47268408551068886,0.5941677232385437,0.3959515,0.60737485
Agfg2,-6.1232553,-1.147001,9.168260887487256e-10,2.4984905684257866e-08,0.19239904988123516,0.36707118275674694,0.12013065,0.24894495
Lcorl,-6.133686,-0.70776755,8.586586906633963e-10,2.3471168889242584e-08,0.6199524940617577,0.6645897482340156,0.60091424,0.8524852
Sh3d19,-6.1379623,-0.9264349,8.358674551862233e-10,2.2894758940727645e-08,0.4156769596199525,0.5431262452454265,0.33356574,0.5610475
Dpyd,-6.150156,-0.71752673,7.740666126862106e-10,2.1310624879998444e-08,0.6199524940617577,0.6502082955986235,0.76204073,1.0574094
Cep85l,-6.1644597,-0.8769566,7.072430250658735e-10,1.9490892393353866e-08,0.3990498812351544,0.5372577431624705,0.29530716,0.48913717
Slc1a3,-6.179485,-1.9558271,6.431103119349197e-10,1.7870086951076828e-08,0.15201900237529692,0.3170440137656222,0.11974268,0.40111265
Prag1,-6.2059884,-2.396246,5.435419239914377e-10,1.527716683854595e-08,0.05938242280285035,0.23488498460423837,0.034400776,0.16910769
Tmtc2,-6.218935,-1.0646056,5.005403939262171e-10,1.4127647463022536e-08,0.39429928741092635,0.5197971381996015,0.34782228,0.6259726
Ttc28,-6.2200794,-1.1690825,4.969039932913976e-10,1.403975846450037e-08,0.3254156769596199,0.4673066473464952,0.2418819,0.47954515
Trpm3,-6.2329593,-0.98887825,4.5770567867874177e-10,1.2959485338353837e-08,0.7030878859857482,0.6856728853468574,0.94853705,1.4205873
Dgkd,-6.2658052,-0.79403925,3.709035288346782e-10,1.0602316829561493e-08,0.47030878859857483,0.5802209744611484,0.3571308,0.55631864
Satb2,-6.266127,-1.1249503,3.701385025205348e-10,1.0591716254235113e-08,0.27315914489311166,0.4214816156493389,0.2579843,0.49584904
Tmcc3,-6.275435,-1.254358,3.4865837338848876e-10,9.987687092695834e-09,0.3491686460807601,0.48788262995834086,0.2671667,0.5484751
Phactr2,-6.3013887,-1.5010102,2.94990131575273e-10,8.495589319858076e-09,0.17577197149643706,0.3401195435609491,0.1133474,0.2924519
Camk1d,-6.323507,-0.28980085,2.5569273441327935e-10,7.395547657357176e-09,0.9904988123515439,0.9529795326933527,2.148582,2.3279939
Pard3b,-6.3356676,-1.8341994,2.3631580808868066e-10,6.872084159461958e-09,0.16389548693586697,0.3297228762905271,0.11077482,0.3490372
Unc5d,-6.3774486,-0.997129,1.8006272048012245e-10,5.276210795311767e-09,0.6365795724465558,0.6376381090382177,0.7743013,1.2040243
Frmd6,-6.423047,-1.0830047,1.3357321800719088e-10,3.948418446483189e-09,0.2161520190023753,0.39992754935700053,0.15562513,0.30507052
Pparg,-6.423317,-1.8120656,1.3333631768807372e-10,3.94575644964597e-09,0.07838479809976247,0.2623075529795327,0.060703464,0.19865371
Elmo1,-6.4358053,-1.0930166,1.2282020686197059e-10,3.6466065838465745e-09,0.44418052256532065,0.573591740626698,0.45333907,0.7990869
Myo16,-6.44549,-1.0634388,1.1522772561106374e-10,3.428758568293779e-09,0.36342042755344417,0.4862524904908531,0.28538835,0.52487665
Cdh8,-6.4549375,-0.67053974,1.0826376904237575e-10,3.2286875406977092e-09,0.66270783847981,0.6899474732838254,0.9403246,1.2482702
Gm10754,-6.461857,-1.7816931,1.0342602795310603e-10,3.0947186760578604e-09,0.15676959619952494,0.3224415866690817,0.10913841,0.33396477
Rbm24,-6.4680934,-2.0316892,9.924721187639717e-11,2.9763086865165085e-09,0.07363420427553444,0.2558232204310813,0.039130855,0.15115012
Cnr1,-6.493025,-1.2226652,8.412993970517014e-11,2.5314350278588145e-09,0.28028503562945367,0.44292700597717805,0.20451282,0.42500475
Golim4,-6.6133533,-2.432387,3.7571000310304465e-11,1.1577210760755515e-09,0.0665083135391924,0.2510414779931172,0.03533802,0.17744325
Cracdl,-6.6394744,-0.859863,3.1480369735510445e-11,9.801593682423704e-10,0.5273159144893111,0.5931534142365513,0.4575303,0.7192677
Calb1,-6.6653132,-1.6705755,2.6410169171258902e-11,8.270876988714763e-10,0.16389548693586697,0.34109762724144177,0.10814184,0.3101018
Chd4,-6.666072,-0.7927997,2.6274071772059017e-11,8.237856575440208e-10,0.5510688836104513,0.655062488679587,0.46802446,0.7099958
Lrrn1,-6.671346,-1.2953824,2.5346716278454132e-11,7.956381616846524e-10,0.21140142517814728,0.39532693352653503,0.14436822,0.3229486
Cpne7,-6.678949,-1.3050799,2.406623869832689e-11,7.572129201686693e-10,0.26128266033254155,0.4189458431443579,0.20680533,0.44960415
Ctxnd1,-6.7360253,-2.6978903,1.6277813276444338e-11,5.151764932132619e-10,0.0688836104513064,0.2533961238905995,0.0402252,0.23611726
Chst8,-6.7499094,-2.0007088,1.4793731448116573e-11,4.693123542041232e-10,0.07363420427553444,0.26473464952001446,0.046819314,0.17548524
Glis3,-6.758316,-1.797157,1.3960467366951591e-11,4.444523200829257e-10,0.16152019002375298,0.3367868139829741,0.16499892,0.48455316
Man1c1,-6.8268733,-1.59935,8.678520930943958e-12,2.816326780367924e-10,0.14014251781472684,0.3297591016120268,0.087023,0.2433378
Cpne6,-6.8468943,-1.1807804,7.547042411905411e-12,2.455072997674315e-10,0.24228028503562946,0.429197609128781,0.16602989,0.34319156
Rapgef5,-6.8717194,-0.62120074,6.3432633091604906e-12,2.0785790867944192e-10,0.7458432304038005,0.7145806919036406,0.8534944,1.1227114
Rreb1,-6.8782716,-1.4973887,6.058306307840977e-12,1.9900573409741693e-10,0.19239904988123516,0.37623618909617823,0.14459687,0.36411083
Cck,-6.893337,-1.1658907,5.44986924415803e-12,1.7989924642570794e-10,0.46318289786223277,0.5983336352110125,0.37256342,0.6995915
Pcdh11x,-6.9216275,-1.4108212,4.464839142416142e-12,1.4811139229224906e-10,0.28028503562945367,0.4420938235826843,0.24697952,0.55669403
Zswim5,-6.9521766,-1.0561738,3.596933677346457e-12,1.2081200988787412e-10,0.31116389548693585,0.4831371128418765,0.22736369,0.42581972
Ccbe1,-6.960941,-1.8570082,3.380073286572826e-12,1.1381274337119277e-10,0.13539192399049882,0.320666545915595,0.09643466,0.31242755
Epha7,-6.9620485,-0.710022,3.353594833057426e-12,1.130628521508821e-10,0.7173396674584323,0.7074080782466945,0.9535424,1.2834201
Homer2,-6.9945035,-1.2454189,2.6620009871708426e-12,9.019920116681027e-11,0.2209026128266033,0.4057960514399565,0.14418115,0.31313485
Itpka,-6.9967947,-1.2775658,2.61884538944815e-12,8.896128396266978e-11,0.22327790973871733,0.40912878101793154,0.14304303,0.31685752
Dscaml1,-7.0349793,-0.5772568,1.992906940477196e-12,6.83028182278345e-11,0.7458432304038005,0.7363521101249774,0.9737397,1.2408572
Arhgap21,-7.062293,-0.534675,1.6377732191684858e-12,5.656422416331261e-11,0.7292161520190024,0.7112841876471654,0.7304635,0.93952507
St6galnac3,-7.08652,-0.7645984,1.3752624757137211e-12,4.780504880003582e-11,0.6793349168646081,0.7020829559862344,0.77037746,1.0891398
Plekhg1,-7.091722,-2.638633,1.3245354189011821e-12,4.610138174336109e-11,0.0855106888361045,0.27936967940590474,0.057598066,0.3142398
Tmeff2,-7.118729,-0.40516725,1.0892685739036499e-12,3.820972138484474e-11,0.9572446555819477,0.8468755660206484,1.8184941,2.058795
Kcnt2,-7.138164,-0.7501606,9.45856294184198e-13,3.3397054697410516e-11,0.5700712589073634,0.6876290527078428,0.8225208,1.1463192
Nectin3,-7.165827,-1.5194576,7.73184577008658e-13,2.744447765419107e-11,0.24465558194774348,0.4165187466038761,0.17301267,0.4327499
St18,-7.184725,-1.8876733,6.734266789225281e-13,2.399864040139036e-11,0.2327790973871734,0.40391233472197063,0.21815734,0.64295363
Sorcs3,-7.193174,-1.0338011,6.330224219762521e-13,2.261876659375252e-11,0.4821852731591449,0.584930266256113,0.55144274,0.91884804
Ptprm,-7.198992,-1.849328,6.065944887697007e-13,2.179036619417361e-11,0.20665083135391923,0.38279297228762904,0.1809206,0.5391875
Slc6a1,-7.217668,-2.2005887,5.28865770216047e-13,1.91003000614317e-11,0.12351543942992874,0.31573990219163195,0.07733665,0.3145175
Plxdc2,-7.2450123,-0.9963708,4.3240037825272546e-13,1.5637413410027904e-11,0.5938242280285035,0.6888607136388335,0.72955996,1.1451583
Trim2,-7.290432,-0.37387922,3.0896328720860746e-13,1.1279678705564243e-11,0.8859857482185273,0.7920304292700597,1.1341287,1.3170017
Maml3,-7.343511,-1.273484,2.0806182355685866e-13,7.658385204072318e-12,0.342042755344418,0.5053432349212099,0.32718143,0.6604581
Cux2,-7.3621845,-2.1766925,1.809243444892549e-13,6.668638047223977e-12,0.1163895486935867,0.31190001811266077,0.07129603,0.28826395
Itga4,-7.3751435,-2.3862102,1.641680626235271e-13,6.0760273315346735e-12,0.07363420427553444,0.27991305922840065,0.041448154,0.19986404
Gm2164,-7.397984,-2.4802804,1.3826766945313633e-13,5.167249343818878e-12,0.1187648456057007,0.30969027350117734,0.07830664,0.37467492
Cacng3,-7.4093795,-1.1261575,1.2689151227971895e-13,4.755334637316664e-12,0.32779097387173395,0.4961420032602789,0.24605381,0.4755638
Epb41l2,-7.439965,-2.3125849,1.0071202675946793e-13,3.800747414363629e-12,0.14489311163895488,0.33990219163195073,0.093565054,0.39692482
Nrgn,-7.4756246,-0.9823899,7.683810805844174e-14,2.9079436106060976e-12,0.6508313539192399,0.7359536315884804,0.65704846,1.0422671
Snx7,-7.4856577,-1.5665565,7.118974145456425e-14,2.701791458875906e-12,0.1496437054631829,0.35924651331280566,0.09469626,0.2578902
Gpc4,-7.49451,-1.9519473,6.654633297662826e-14,2.5399147259687522e-12,0.1163895486935867,0.32316609309907623,0.07530992,0.26438004
Igsf11,-7.5289893,-1.392732,5.1134587647883876e-14,1.965645736907925e-12,0.23990498812351543,0.43079152327476905,0.16518007,0.3863503
Sipa1l3,-7.549189,-1.0531622,4.379761256404854e-14,1.6957375354408997e-12,0.38954869358669836,0.5358087303024814,0.28924698,0.5282859
Lurap1l,-7.559165,-1.5225747,4.056657036971855e-14,1.572905838144787e-12,0.18527315914489312,0.3855823220431081,0.11455833,0.29915783
Lpp,-7.563483,-1.118353,3.924159726350071e-14,1.5259359167442317e-12,0.3657957244655582,0.5321137475095091,0.30229035,0.56886446
Fgf13,-7.5730734,-1.0784361,3.644959076385895e-14,1.421481137626836e-12,0.5273159144893111,0.6394856004347038,0.5082779,0.87500155
Prkg1,-7.5892463,-0.43373263,3.2177178370469943e-14,1.256687184323441e-12,0.9002375296912114,0.8078608947654411,1.6765854,1.9274479
Ptn,-7.656216,-1.2811857,1.9149111073934665e-14,7.589035612929563e-13,0.47980997624703087,0.6023184205759826,0.40393218,0.79281455
Meis2,-7.677445,-1.1897161,1.6229279046620564e-14,6.47004047452069e-13,0.29691211401425177,0.4916862887158123,0.35269952,0.6753281
Vav3,-7.6816726,-1.509288,1.570246995899819e-14,6.269321958369708e-13,0.19477434679334918,0.40010867596449917,0.15068035,0.3804505
Zfp804b,-7.733869,-1.6214347,1.043263638154146e-14,4.240921929985159e-13,0.30403800475059384,0.4688281108494838,0.28881103,0.70815015
Mast3,-7.748582,-1.3128184,9.292436436571677e-15,3.8178557653009324e-13,0.2494061757719715,0.45147618185111393,0.1708135,0.38031194
Usp25,-7.777137,-0.9969095,7.418431290703509e-15,3.057258416889621e-13,0.43705463182897863,0.5836623800036226,0.34125102,0.5942516
Spock3,-7.8217764,-1.1429802,5.2083009420658055e-15,2.159676640637472e-13,0.42755344418052255,0.5732294874117008,0.46910787,0.8423692
Prmt8,-7.8516335,-1.291167,4.106534104729602e-15,1.708089340465703e-13,0.24703087885985747,0.447600072450643,0.15962166,0.3531471
Fat4,-7.8612113,-1.8186996,3.804361454102717e-15,1.5873166501822982e-13,0.13064133016627077,0.34856004347038577,0.08703765,0.27823347
Enpp2,-7.864674,-1.7981957,3.700594412203956e-15,1.546422579407781e-13,0.21852731591448932,0.4220249954718348,0.17939448,0.52079993
Ndst4,-7.8923097,-2.0103557,2.9664492716136596e-15,1.249349403264248e-13,0.18052256532066507,0.37793877920666546,0.1328126,0.452499
Frmd4b,-7.9198904,-1.2818081,2.3772034927758246e-15,1.0074993351874829e-13,0.4180522565320665,0.5696794059047274,0.37064886,0.737606
Nell2,-7.9199934,-0.36674127,2.37523156141704e-15,1.0074993351874829e-13,0.8859857482185273,0.7646078608947654,1.3274275,1.5202689
Gpc5,-7.9376473,-1.4851322,2.06052527182671e-15,8.788303818092651e-14,0.517814726840855,0.6144901285998913,0.6026444,1.1984495
Pkp2,-7.966545,-2.1061573,1.6317208823366049e-15,7.026336555830861e-14,0.1163895486935867,0.33196884622351025,0.070256725,0.2725916
Ppfia2,-7.985234,-0.25791582,1.4025643313450448e-15,6.068744538364146e-14,0.9762470308788599,0.8430356819416772,1.9020599,2.0560968
Mbp,-8.060134,-1.5877362,7.62110236347986e-16,3.346062426580128e-14,0.39667458432304037,0.5704763629777214,0.33530903,0.7872822
Erbin,-8.061348,-1.724727,7.545787664286874e-16,3.318417586569367e-14,0.25415676959619954,0.4486143814526354,0.19293918,0.53260887
Ajap1,-8.083617,-2.185947,6.287336345398505e-16,2.778630388172004e-14,0.09026128266033254,0.315595000905633,0.04795351,0.20172913
Camk2a,-8.133896,-0.4105855,4.1570991904902056e-16,1.8555025788782696e-14,0.9121140142517815,0.7842782104691179,1.2845612,1.4981431
P3h2,-8.281766,-2.1708627,1.2136200656458912e-16,5.574354045111982e-15,0.10451306413301663,0.3342148161564934,0.06819172,0.27594462
Nell1,-8.371792,-1.489369,5.674868802549253e-17,2.6565108837020636e-15,0.342042755344418,0.5060677413512045,0.3542749,0.7855753
Adamts17,-8.386174,-1.3119259,5.022203883622495e-17,2.355089325531177e-15,0.332541567695962,0.5087121898206847,0.26392257,0.55953044
C1ql3,-8.393694,-1.508168,4.711003747640061e-17,2.216894408040078e-15,0.31116389548693585,0.5108494837891686,0.25369322,0.5996172
Cap2,-8.456789,-0.9371349,2.7484107799221667e-17,1.309393575470011e-15,0.5083135391923991,0.6341242528527441,0.49476185,0.8000398
Utrn,-8.494351,-2.1096716,1.9904171433281753e-17,9.567532851740263e-16,0.1543942992874109,0.37844593370766166,0.11663794,0.4278365
Zfhx4,-8.504269,-2.7376213,1.8274331857105795e-17,8.815642675052652e-16,0.0855106888361045,0.3168266618366238,0.048294004,0.28518724
Ntng2,-8.515064,-2.0540657,1.664983272275499e-17,8.060919013701379e-16,0.10926365795724466,0.34414055424741896,0.07014152,0.26370075
Tanc1,-8.527722,-1.2784197,1.492572362343104e-17,7.239245374757979e-16,0.40380047505938244,0.5463865241804021,0.3344944,0.6747688
Runx2,-8.597564,-1.2676897,8.142640437167044e-18,4.0293323857583507e-16,0.32066508313539194,0.5176598442311175,0.27547535,0.5673771
Ntng1,-8.651137,-1.4606012,5.0988570054408816e-18,2.5608651913307753e-16,0.42280285035629456,0.5718891505162108,0.44924027,0.9403395
Stxbp6,-8.660029,-1.7024088,4.716412233390247e-18,2.37322091219468e-16,0.2684085510688836,0.46716174606049626,0.25074047,0.6561929
Iqgap2,-8.675331,-1.3834026,4.123476995390837e-18,2.0865880765753633e-16,0.4251781472684085,0.5523637022278572,0.37602672,0.78431344
Sox2ot,-8.696603,-1.8693697,3.419680885987293e-18,1.746897821415942e-16,0.2660332541567696,0.468936786813983,0.2928871,0.80796146
Galnt17,-8.754808,-0.8268816,2.0445098853771156e-18,1.0524134218406723e-16,0.7695961995249406,0.7163919579786271,0.9453696,1.3327934
Pcdh19,-8.789232,-1.3312275,1.5058520659237802e-18,7.84152035104108e-17,0.30403800475059384,0.5140373120811447,0.24552853,0.53076947
Slc24a4,-8.797411,-1.958872,1.400082958074939e-18,7.347700992865941e-17,0.13064133016627077,0.37141822133671437,0.08144329,0.28507963
Ptpro,-8.804449,-1.8458776,1.3149674204782848e-18,6.914515575000296e-17,0.19002375296912113,0.4159391414598805,0.12611768,0.39419204
Cdh12,-8.933524,-1.0155874,4.126480947708502e-19,2.2309566009039725e-17,0.6128266033254157,0.6851295055243616,0.81941146,1.2714183
Cntnap5a,-9.040027,-1.1227747,1.566338662628011e-19,8.624491775576775e-18,0.6175771971496437,0.7058141641007064,0.9111657,1.4442421
Pde7b,-9.070402,-1.8456956,1.1857837450131046e-19,6.569486438866416e-18,0.1876484560570071,0.42474189458431444,0.16075942,0.48664364
Nfia,-9.116754,-1.0044913,7.740833062883214e-20,4.342300300619456e-18,0.6769596199524941,0.7392139105234559,0.8662779,1.32566
Palmd,-9.126331,-2.4016612,7.085972112901278e-20,3.983265076854756e-18,0.09263657957244656,0.34490128599891323,0.05258106,0.25097573
Sphkap,-9.197332,-1.0330282,3.669475668883283e-20,2.0801436966855237e-18,0.5843230403800475,0.6630320594095273,0.6347687,1.03469
Lingo2,-9.272001,-0.63357383,1.8268526217967358e-20,1.0533804709802209e-18,0.9429928741092637,0.8818330012678862,2.2333972,2.6337187
Schip1,-9.276976,-0.63828015,1.7435750951867698e-20,1.0075239313477098e-18,0.9026128266033254,0.8311900018112661,1.6098789,1.9781369
Synpr,-9.296253,-1.5629338,1.4548253478475627e-20,8.4430144917200885e-19,0.35629453681710216,0.5481615649338888,0.39295927,0.88467497
Slit3,-9.310635,-0.7698798,1.2707028352969803e-20,7.390429693599537e-19,0.7957244655581948,0.7240355008150697,1.2445489,1.6513463
Erbb4,-9.379775,-1.7044023,6.611363895495514e-21,3.930251059114258e-19,0.6555819477434679,0.7203405180220974,0.7805348,1.5798372
Gm30439,-9.542112,-1.5350136,1.3995226083543346e-21,8.585655818831273e-20,0.32066508313539194,0.5178047455171164,0.24742715,0.59526974
Trpc4,-9.674581,-1.494995,3.8667425988429095e-22,2.43324060025548e-20,0.3586698337292161,0.5440681036044195,0.31069186,0.70656806
Qki,-9.868833,-1.1767253,5.682227515988909e-23,3.7606269299167975e-21,0.8076009501187649,0.8286180039847854,1.0148642,1.6047124
Cdh20,-10.056358,-2.0030177,8.612510169544626e-24,5.888502500144125e-22,0.24465558194774348,0.4820865785183843,0.22064927,0.68793905
Sorbs2,-10.123708,-0.5347915,4.3366761762239014e-24,2.9878586885932366e-22,0.8931116389548693,0.7792791161021554,1.3035936,1.5864154
Hdac9,-10.187534,-0.7869588,2.254092670851001e-24,1.5731810406692572e-22,0.8218527315914489,0.7985147618185111,1.1975105,1.6072309
Parp8,-10.388951,-1.3899555,2.783979158348882e-25,1.9948138662622523e-23,0.3919239904988123,0.5939141459880456,0.31682262,0.681527
Slc24a3,-10.426725,-1.0114422,1.87228942303617e-25,1.3560220160911558e-23,0.6270783847980997,0.7300851295055244,0.76736915,1.2019422
Maml2,-10.429597,-1.8515604,1.8165744882030392e-25,1.3192258512977206e-23,0.31116389548693585,0.5443579061764173,0.30975035,0.8373919
Fstl4,-10.453347,-1.7291787,1.4144278604630292e-25,1.0327629513761303e-23,0.28741092636579574,0.5200144901285999,0.23928773,0.6399024
Zfp536,-10.477645,-2.1286476,1.09435342229615e-25,8.078372653048777e-24,0.22565320665083136,0.48016663647889873,0.20644057,0.6945078
Cntn5,-10.522345,-1.1961633,6.815588439881077e-26,5.1012496206017975e-24,0.7933491686460807,0.7655859445752581,1.185178,1.825225
Trps1,-10.533598,-1.5555092,6.047762224679496e-26,4.551915153421234e-24,0.5866983372921615,0.6825575076978808,0.57001543,1.1812075
Cntnap5c,-10.667462,-2.0263216,1.445193802816996e-26,1.1223224705691528e-24,0.28028503562945367,0.5106321318601703,0.24759498,0.7628866
Rtn4rl1,-10.708585,-2.2659152,9.276925700114143e-27,7.267375905599621e-25,0.1377672209026128,0.42528527440681035,0.083840765,0.3510978
Ubash3b,-10.763397,-2.4259324,5.12455535580895e-27,4.061852578483377e-25,0.16864608076009502,0.44455714544466585,0.11007117,0.48567882
ENSMUSG00000121513,-10.768665,-0.76325375,4.8396463307893005e-27,3.847375648174808e-25,0.8479809976247031,0.7912334721970657,1.2238148,1.624082
Syt17,-11.092448,-2.2508378,1.365007092859134e-28,1.142608740969624e-26,0.1496437054631829,0.44191269697518565,0.09831285,0.39991948
Tafa2,-11.198713,-1.3679743,4.1369939276389793e-29,3.574309544554964e-27,0.669833729216152,0.7286361166455352,0.90556616,1.5691942
Pip5k1b,-11.595268,-1.6760396,4.355003909728443e-31,3.940032156713915e-29,0.36342042755344417,0.5956891867415324,0.32597607,0.8026686
Zdhhc14,-11.6552,-1.2550755,2.158724258303676e-31,1.966268502393891e-29,0.5486935866983373,0.6872667994928455,0.4921952,0.92337304
Dock10,-11.6683445,-1.9835135,1.8498872442054664e-31,1.7022763784863316e-29,0.342042755344418,0.5951458069190364,0.38613102,1.0521115
Tcf12,-11.684653,-0.86461014,1.527011099575175e-31,1.4246801474161443e-29,0.7909738717339667,0.8111573990219163,0.95534635,1.3641945
Zfp462,-11.714762,-1.7638634,1.0709128890963942e-31,1.0026281996522688e-29,0.3254156769596199,0.5680130411157399,0.24748304,0.669677
Edil3,-11.904547,-1.3443222,1.1207074819995678e-32,1.0793336932375766e-30,0.5985748218527316,0.7599710197428002,0.83972013,1.4680483
Ptprk,-12.011468,-1.5128095,3.0930713752707344e-33,3.0896218532908786e-31,0.498812351543943,0.6805651150153957,0.5653542,1.1534104
Gpm6b,-12.037546,-0.82926476,2.255663114015593e-33,2.2615547714029474e-31,0.850356294536817,0.830791523274769,1.1013771,1.5191498
Srgap3,-12.11166,-0.9230728,9.16208861050827e-34,9.255087254299144e-32,0.7102137767220903,0.7498279297228763,0.7677441,1.1599809
Itga8,-12.450571,-2.0210981,1.3884827032684467e-35,1.4516937835339751e-33,0.25415676959619954,0.5466401014309002,0.22809367,0.7129064
Npas3,-12.497138,-2.353048,7.738772533158747e-36,8.2844947396803e-34,0.33016627078384797,0.5876471653685926,0.30776805,1.0442333
Gria1,-12.525292,-0.8332745,5.4291140387295375e-36,5.858646354243481e-34,0.9192399049881235,0.8477087484151422,1.7629958,2.2623363
Tle1,-12.728351,-2.309391,4.1143749737421615e-37,4.587272014292609e-35,0.16864608076009502,0.5016120268067379,0.11249115,0.463836
Grik2,-12.995053,-0.37092373,1.305162572655517e-38,1.5247703620545105e-36,0.997624703087886,0.9148704944756385,2.4349523,2.6719918
Thsd7a,-13.019147,-2.105174,9.522835684795633e-39,1.1173737766395575e-36,0.27315914489311166,0.5829378735736279,0.27504483,0.85956264
Sntg1,-13.0427065,-0.7005042,6.992950842359229e-39,8.241253909394406e-37,0.9097387173396675,0.8120992573809093,1.5162232,1.913548
Mef2c,-13.043766,-1.4036239,6.896454429318864e-39,8.163336146070392e-37,0.7315914489311164,0.7804383263901468,0.85440254,1.5198493
Dlgap1,-13.162817,-0.27922428,1.436289191534746e-39,1.7867171563212325e-37,1.0,0.9172251403731209,2.7552905,2.9375877
Slc9a9,-13.408947,-1.6189469,5.35946465428154e-41,6.956947597127777e-39,0.4584323040380047,0.6887882629958341,0.4134009,0.94486684
Arl15,-13.897482,-1.1855632,6.560932970026142e-44,9.278540468663287e-42,0.7434679334916865,0.7610940047092918,0.82413435,1.3638345
Epha4,-13.9973955,-1.6268283,1.6168914787737454e-44,2.38713593596981e-42,0.5249406175771971,0.7021916319507335,0.5297408,1.1496779
Trpc5,-14.027322,-2.3040116,1.0608259055354921e-44,1.5748282918087665e-42,0.23040380047505937,0.566274225683753,0.19706282,0.73028135
Kctd16,-14.042742,-1.36553,8.534559588329612e-45,1.2740200896578704e-42,0.7814726840855107,0.8036587574714725,1.2323166,1.9822648
Ppp3ca,-14.241124,-0.54321367,5.090166349951566e-46,7.951905222278988e-44,0.997624703087886,0.9388878826299584,2.2434971,2.586166
Alcam,-14.347389,-1.7521125,1.1062365188873687e-46,1.7693199561014048e-44,0.5106888361045131,0.7212461510595907,0.53361994,1.2164297
Epha6,-14.388053,-0.9189135,6.15027483651642e-47,1.0015629385284619e-44,0.9429928741092637,0.8844774497373664,1.9940305,2.5646877
Unc5c,-14.910042,-1.3503861,2.8357553051035454e-50,5.0797830032088176e-48,0.7624703087885986,0.8069914870494476,1.0534054,1.7511907
Rtl4,-14.944812,-2.1459765,1.6836575328873002e-50,3.0986217745672435e-48,0.34441805225653205,0.6314798043832639,0.30609572,0.94971883
Il1rap,-15.420124,-2.2347593,1.1987346080316144e-53,2.35109481151894e-51,0.29453681710213775,0.6445933707661655,0.27994335,0.9244837
Nlgn1,-15.568286,-0.51508385,1.1956901850126815e-54,2.4156537797962973e-52,1.0,0.9534142365513494,3.0625043,3.405385
Zfp608,-15.770021,-2.1041403,5.003284739090335e-56,1.034140468764287e-53,0.3254156769596199,0.6633218619815251,0.2673255,0.84054327
Plcl1,-15.953051,-2.3754935,2.713154376456778e-57,5.785909372650288e-55,0.35391923990498814,0.6898025719978265,0.3790875,1.221402
Dgkb,-16.145193,-1.70452,1.2276449722622624e-58,2.726183504519586e-56,0.6484560570071259,0.7805470023546459,0.824478,1.6436466
Gabra2,-16.314127,-1.5697948,7.831694024533115e-60,1.8298923342539547e-57,0.672209026128266,0.7697156312262271,0.7341355,1.4391328
Cdh10,-16.360289,-1.8495557,3.673876040039129e-60,8.719582120766718e-58,0.5795724465558195,0.7566745154863249,0.64696324,1.4536223
Marchf1,-17.029627,-1.5592886,4.951864040201543e-65,1.3440059268708634e-62,0.8028503562945368,0.8360441948922297,1.2004662,2.0595064
Cacna2d3,-17.034899,-2.0523376,4.525239386076486e-65,1.240746758202808e-62,0.6080760095011877,0.7472197065748959,0.63354164,1.5406775
Gm20754,-17.045961,-2.2329953,3.745383155184419e-65,1.0375097461835602e-62,0.5463182897862233,0.746929904002898,0.61805916,1.6136179
Zbtb20,-17.661263,-2.1353862,8.335539284962103e-70,2.5165836021003564e-67,0.7838479809976246,0.8688281108494837,1.1328987,2.3269699
Auts2,-17.690922,-0.9698452,4.9263336338407093e-70,1.5042111902420438e-67,0.9714964370546318,0.9035319688462236,2.0837593,2.6931515
Zeb2,-17.851734,-1.535165,2.801945180062452e-71,9.181495974180254e-69,0.7838479809976246,0.8596268791885529,1.227677,2.0787184
Tafa1,-18.345457,-2.4218028,3.588976703504405e-75,1.2207063800400424e-72,0.6389548693586699,0.7926824850570549,0.75450104,1.9511064
Ntrk3,-19.04286,-2.0530713,7.530197090748687e-81,2.734275619302935e-78,0.5795724465558195,0.7799673972106502,0.7032179,1.6551515
