names,scores,logfoldchanges,pvals,pvals_adj,pct_nz_group,pct_nz_reference,mean_expr_Cluster_Lamp5 Gaba (for_DEGs),mean_expr_Rest (for_DEGs)
Lrriq1,-3.0238616,-1.4804173,0.0024957049759941484,0.04735846942440874,0.07065217391304347,0.20167946084261362,0.0421031,0.113318235
Capza2,-3.0282786,-0.6048094,0.002459512126302419,0.046737688001234796,0.40217391304347827,0.5230475366706311,0.33026624,0.46696123
Calm2,-3.0361538,-0.31865743,0.0023961707198749,0.04569560485666328,0.8260869565217391,0.8575341478358021,1.2445596,1.4066522
Kcnv1,-3.0398002,-1.63274,0.002367351390596874,0.04518633301726106,0.059782608695652176,0.1919126392042383,0.03579228,0.10706122
Pbx1,-3.0407863,-0.28597593,0.0023596121882104777,0.04512653344997547,0.842391304347826,0.8133131509712762,1.4824566,1.6389866
Sgcd,-3.046515,-0.5240931,0.0023151091728938335,0.044338548450219034,0.7228260869565217,0.7053014740332288,1.1302251,1.3899432
Rap2a,-3.052817,-0.89456713,0.0022670412233374297,0.043510998336483385,0.20652173913043478,0.34295599524272896,0.13025919,0.23003028
Ptpn3,-3.0563579,-0.6223623,0.0022404365084018525,0.0430618948360213,0.34782608695652173,0.45709446066241394,0.26655418,0.38541147
Slc6a7,-3.0640543,-0.8539242,0.002183593128328744,0.04202947518495226,0.21195652173913043,0.34573107002558834,0.13414405,0.23068942
Zswim5,-3.0652056,-0.5456283,0.0021752049184697165,0.04189803308909053,0.3423913043478261,0.48271885248855734,0.30898917,0.42426398
Rnf130,-3.0658154,-0.44061464,0.0021707721523648903,0.041842645433317505,0.6141304347826086,0.6669189461923811,0.60890305,0.75981516
Ap1ar,-3.072622,-0.6476787,0.0021218704328667968,0.041047270360785336,0.1956521739130435,0.33268461455292464,0.13781196,0.20822291
Nek7,-3.073865,-1.0154246,0.0021130501116969863,0.04090609258018589,0.15760869565217392,0.2886798572818683,0.14010677,0.265457
Ptpru,-3.075562,-1.4773397,0.0021010618958432307,0.04070334040469186,0.09239130434782608,0.2215374635095686,0.051308565,0.13679153
Elmo2,-3.0794973,-1.2421893,0.002073501859200191,0.04022743318173945,0.15760869565217392,0.28597686236349873,0.07751476,0.17450818
Rreb1,-3.0803275,-1.0975378,0.0020677304362247875,0.04014444857034685,0.2608695652173913,0.375175694669694,0.18584426,0.36258596
Gm29514,-3.0815568,-0.893556,0.0020592119640479244,0.040007972143143694,0.1956521739130435,0.3278552636321044,0.14176142,0.24915291
Sh3bp5,-3.0845015,-0.60192686,0.0020389365497830237,0.0396427099078653,0.33152173913043476,0.4538148268281256,0.24982634,0.35819128
Kcnh3,-3.0901659,-1.2543975,0.002000447452341334,0.038950741336530176,0.09239130434782608,0.22950228853569754,0.055456877,0.1275482
Vrk2,-3.0944636,-1.0929166,0.0019716917350791076,0.03844655799824065,0.125,0.2593073125022525,0.10690199,0.21564464
Mas1,-3.106884,-2.4255714,0.001890705128131433,0.03692096423902007,0.03804347826086957,0.17061303924748622,0.018203378,0.094120175
Enc1,-3.1127734,-0.61234415,0.0018533831430370957,0.03624483628341103,0.30978260869565216,0.45013875373914297,0.28890955,0.41348916
Lgi3,-3.114429,-0.96979797,0.001843012546192149,0.036094567868938075,0.125,0.2601001910116409,0.09960898,0.18659413
Ephb1,-3.1178691,-0.8089649,0.0018216372293475322,0.035728023615013274,0.30434782608695654,0.42664071791545033,0.29105175,0.46490982
Wdr17,-3.1188002,-0.5468921,0.0018158909485722196,0.03566739019600551,0.5869565217391305,0.6251847046527552,0.57681787,0.76083565
Pcsk1,-3.1234097,-1.3434981,0.0017876872119531432,0.03513910415887415,0.09782608695652174,0.2344397592532526,0.065911934,0.15947726
St18,-3.1244922,-1.1616266,0.0017811228885518933,0.03503570425723966,0.29347826086956524,0.402962482430533,0.3367465,0.6395878
Foxn2,-3.1298356,-0.95785564,0.0017490419566550763,0.034429858883019714,0.1793478260869565,0.31138501459617257,0.11424146,0.21113327
Plxna1,-3.130354,-1.918059,0.0017459586784085719,0.034403493337642435,0.05434782608695652,0.1886330053699499,0.028141089,0.10243006
Vwa3a,-3.133936,-2.6123803,0.0017247848510737857,0.03402714313388592,0.03260869565217391,0.16567556852993118,0.016713833,0.09809366
Ssbp3,-3.134766,-0.6118546,0.001719911553512433,0.03395593199329836,0.3641304347826087,0.4888816809024399,0.2826189,0.4048762
Igfbp5,-3.1493194,-1.3717747,0.0016365117152216358,0.032404620330143956,0.10869565217391304,0.2404944678704004,0.07986369,0.19487262
Mkx,-3.1505854,-1.1329907,0.0016294361093004044,0.03228830992396893,0.14673913043478262,0.2806069124590046,0.1121889,0.23141092
Gm30439,-3.154264,-0.65807664,0.0016090352925208463,0.03197838632399049,0.43478260869565216,0.5167045085955239,0.41350955,0.59228045
Gm43445,-3.1559656,-1.86099,0.0015996777694204077,0.0318159449772956,0.059782608695652176,0.19504811330954697,0.02910151,0.10189437
Gm2762,-3.167088,-2.9282146,0.0015397368615481506,0.030691935808456087,0.03260869565217391,0.16581972825891086,0.011911733,0.08728766
Zfand3,-3.1673129,-0.3474111,0.001538547290390539,0.030691935808456087,0.7282608695652174,0.7486214725916315,0.8727182,1.0198573
Acvr1c,-3.1687117,-2.3245213,0.0015311618281648718,0.030589084254862533,0.05434782608695652,0.18780408692831657,0.024669005,0.117875226
Tdrd5,-3.1722434,-1.3570884,0.0015126616003685697,0.0302870470953081,0.07608695652173914,0.21490611597650197,0.046004146,0.113864675
Tesk2,-3.1731837,-1.5739586,0.0015077710417933012,0.030211638995515287,0.07608695652173914,0.21422135726384833,0.049473416,0.14062856
Dipk1a,-3.1885076,-0.54409534,0.0014300926555177872,0.028869850877400825,0.3532608695652174,0.47879049987386024,0.28096133,0.38731018
Cemip2,-3.1952775,-0.7899926,0.0013969648976065764,0.028265396685759572,0.14673913043478262,0.29278840955779,0.11031043,0.18369672
Gm10855,-3.1976166,-2.1116717,0.0013856838069864587,0.0280794297841072,0.043478260869565216,0.18027174108912675,0.02044968,0.08552765
Plxdc2,-3.1997495,-0.65034455,0.0013754713875199533,0.027893521647291426,0.5760869565217391,0.6892637041842361,0.857872,1.1415612
Aff3,-3.2094822,-0.36714524,0.0013297428935009944,0.027006947504438186,0.7119565217391305,0.6976610083973042,0.9050452,1.0642399
Cdk19,-3.210239,-0.9172168,0.0013262466291301856,0.026956313861367688,0.34782608695652173,0.47684434353263416,0.290686,0.49290493
Dach1,-3.2131608,-1.6294249,0.001312828362344339,0.02672401370923666,0.08152173913043478,0.22045626554222078,0.07366951,0.2123104
Bzw2,-3.2151146,-0.5313502,0.0013039247914664045,0.026583049428453936,0.3641304347826087,0.501783976646124,0.31446448,0.42792496
Otulinl,-3.2174537,-1.5686172,0.0012933388920419895,0.02638725590673368,0.07608695652173914,0.21317619922874545,0.04833479,0.13705593
Rmst,-3.2221136,-1.611424,0.0012724861527769022,0.026040900933065776,0.11956521739130435,0.2512343676793888,0.12093669,0.3313155
Serinc5,-3.2313237,-0.72164893,0.001232183277420889,0.02529317392230656,0.29891304347826086,0.43979529318484883,0.23150328,0.3573739
Phactr2,-3.231521,-1.0807992,0.0012313332553658153,0.02529317392230656,0.21195652173913043,0.3393159620859913,0.14826383,0.2912133
Parp8,-3.2316446,-0.61796415,0.0012307997973996425,0.02529317392230656,0.5217391304347826,0.5926406458355858,0.49012545,0.67840815
Junos,-3.2324796,-2.283629,0.0012272094603953706,0.0252489419608144,0.04891304347826087,0.18564169099362093,0.022165151,0.10357364
Syngap1,-3.24945,-0.6763633,0.0011562841203594037,0.02388113321603165,0.2554347826086957,0.39744837279705914,0.17823638,0.2714027
Gm41414,-3.2573848,-2.0605063,0.0011244387738416411,0.023259176176385604,0.06521739130434782,0.20167946084261362,0.03252166,0.1291745
D430041D05Rik,-3.2626915,-0.39145508,0.0011035956445467415,0.022880875747662763,0.6902173913043478,0.6795329224781057,0.83453786,0.99700636
Tom1l1,-3.2631776,-1.9904768,0.0011017040506672473,0.022859295630447054,0.07065217391304347,0.2083468483079252,0.032137834,0.12202277
Kcnip3,-3.276635,-0.7225186,0.001050521261752216,0.021949849380468154,0.3967391304347826,0.5067574872959238,0.3226041,0.48748052
Gm11149,-3.2775934,-1.4002074,0.001046960595017432,0.021892475632776964,0.11413043478260869,0.253108444156125,0.06311966,0.15868452
Fgfr1,-3.2782357,-0.8381333,0.0010445817084019445,0.021859743383769663,0.20108695652173914,0.33985656106966516,0.15888834,0.2683926
Atf6,-3.2822626,-0.58617496,0.0010297763693968886,0.021600383329972207,0.5163043478260869,0.5990917937074278,0.44032902,0.60460234
Tamalin,-3.2848082,-1.4223671,0.0010205180725922167,0.02143965645860271,0.05434782608695652,0.19656179046383393,0.041356727,0.107212126
Tnpo1,-3.2858357,-0.45789874,0.0010168032599793863,0.02137832832210181,0.5978260869565217,0.6690813421270768,0.59130645,0.74552554
Klf9,-3.2866611,-0.6635025,0.001013827216840462,0.02133244895575819,0.32065217391304346,0.46199589144772407,0.26396275,0.39100847
Gucy1a1,-3.2962747,-1.6383871,0.000979761382302138,0.020684145272694465,0.059782608695652176,0.20106678199444986,0.045827597,0.13626803
Spns2,-3.3002973,-1.0040911,0.0009658247582497789,0.020434418310371308,0.16847826086956522,0.31289869175045953,0.10451242,0.19964084
Wwc2,-3.3075762,-0.8159247,0.0009410710447277619,0.0199420969809424,0.2717391304347826,0.4168018164125851,0.19121948,0.31551552
Tesc,-3.3137176,-2.0804749,0.0009206441124809863,0.01955549984376609,0.04891304347826087,0.19248927812015715,0.029336274,0.11859581
Gm5468-1,-3.315144,-1.3091794,0.0009159588615233199,0.019471372317350955,0.07608695652173914,0.21937506757487296,0.053090602,0.12673289
Rilpl1,-3.3172586,-0.9796455,0.0009090544809537009,0.01933990016090732,0.15217391304347827,0.30024867553249,0.105804145,0.19891779
Sort1,-3.3186438,-0.47039148,0.0009045576191191341,0.019259479576649075,0.6195652173913043,0.6757126896601434,0.61952376,0.7833564
Ranbp9,-3.3233862,-0.49670684,0.0008893167438168961,0.01894999278854877,0.5815217391304348,0.6634591126968681,0.5807992,0.74721646
Mtmr12,-3.3255053,-0.71522385,0.0008825842292666751,0.018836408451465895,0.3804347826086957,0.4845568890330486,0.26475242,0.40388033
Pmepa1,-3.3299084,-1.4483598,0.0008687454224252757,0.01855579451555418,0.11413043478260869,0.2560276786679641,0.07148412,0.18417016
Nnat,-3.3366876,-1.0167593,0.0008478322621212398,0.018225002306558172,0.20652173913043478,0.3433884744296681,0.18361685,0.3420435
Syt13,-3.3407557,-0.96811056,0.0008355067321507084,0.018003260539606682,0.2826086956521739,0.40890907125094605,0.16384195,0.29882368
Myh9,-3.341829,-0.93363297,0.0008322829480649212,0.017948188454658454,0.20652173913043478,0.34951526291130575,0.13714767,0.24746719
Rbpj,-3.3486311,-0.7465468,0.0008121186873079241,0.017541502514440453,0.266304347826087,0.4128013839333982,0.20273204,0.3199579
Pdk1,-3.350039,-0.9088274,0.0008080014692906884,0.017466612614513915,0.1793478260869565,0.3258009874941435,0.119006164,0.21291156
Syt10,-3.3539515,-2.2405086,0.00079666322331907,0.01723537907454381,0.05434782608695652,0.1964897105993441,0.028371137,0.12750599
Gm56610,-3.3595517,-1.0708038,0.0007806902210494358,0.016958081034436814,0.09239130434782608,0.24222438461815693,0.062007137,0.12608232
Gfra1,-3.3618588,-1.4380693,0.0007741968993979998,0.01684426776261073,0.14130434782608695,0.2783724366598191,0.09626757,0.24201481
Tub,-3.3627715,-0.6793675,0.0007716418406078017,0.016802282218096945,0.3804347826086957,0.4953328287742819,0.26940012,0.40221414
R3hdm2,-3.3629825,-0.39567965,0.0007710523390077145,0.016802282218096945,0.6902173913043478,0.6924712581540347,0.70062023,0.84814185
Onecut2,-3.366794,-1.3890308,0.0007604746049357598,0.01662648709082495,0.09782608695652174,0.2453598587234656,0.06451111,0.16086432
Tshz2,-3.3714585,-1.1638585,0.000747712662802806,0.016387470839731973,0.27717391304347827,0.39806105164522293,0.30177006,0.581788
Hspa12a,-3.3730364,-0.60086876,0.0007434411508363135,0.01630715405956877,0.43478260869565216,0.5349407143114571,0.3416766,0.4810246
Dennd4a,-3.3742564,-0.4709052,0.000740153729084879,0.0162615950126825,0.657608695652174,0.7043283958626158,0.69997483,0.87753826
Prtg,-3.3825078,-1.5507623,0.0007182723789944685,0.015832632340919906,0.10869565217391304,0.2507298086279598,0.062464464,0.17297795
Tpd52l1,-3.3851588,-1.3812809,0.0007113706997564052,0.015706270092403128,0.09782608695652174,0.24211626482142212,0.061199125,0.1522083
B3gnt2,-3.3855166,-1.2851832,0.0007104440643583596,0.01569871053397132,0.10326086956521739,0.2468014560132627,0.06579936,0.15336904
Cep85l,-3.3913188,-0.6603691,0.0006955716691925842,0.01539539600593471,0.40217391304347827,0.5374995495008469,0.33515137,0.4881346
Npy1r,-3.39208,-2.1100795,0.0006936416546903351,0.015365334922942541,0.06521739130434782,0.20859912783363968,0.029975833,0.12342871
Galnt3,-3.395387,-2.2836597,0.0006853164963337711,0.01520599030263289,0.05434782608695652,0.1975709085666919,0.026338192,0.122171216
Fmn2,-3.3965979,-0.3008625,0.0006822914718519402,0.01515138169310879,0.7934782608695652,0.7548203409377591,1.0539138,1.1945875
Gpr26,-3.4011662,-1.5021667,0.0006709902738456306,0.014949841341817656,0.10326086956521739,0.24781057411612067,0.052268784,0.14149816
Jcad,-3.4018679,-1.6902272,0.0006692697464412642,0.014923882229773252,0.09239130434782608,0.23660215518794825,0.04636698,0.14249986
Myo5b,-3.4018908,-1.0755795,0.0006692135893285628,0.014923882229773252,0.14130434782608695,0.28994125491044076,0.107780956,0.21498966
Syne2,-3.402322,-2.888335,0.0006681586506523402,0.01492387609561794,0.02717391304347826,0.17277543518218186,0.016687978,0.117424875
Rspo3,-3.4216866,-1.1320286,0.0006223398046107935,0.013946847831436215,0.1793478260869565,0.31992647853822037,0.12221761,0.25069404
Pde2a,-3.4255717,-0.684592,0.0006135072785944075,0.01378339513029409,0.40217391304347827,0.5084153241791906,0.3006729,0.44709986
Rgs20,-3.4296398,-1.4519125,0.0006043827731713716,0.013612544103197618,0.15760869565217392,0.29913143763289723,0.12558647,0.31194043
Lifr,-3.4323368,-1.0754536,0.0005984038441016817,0.013489187324674655,0.21739130434782608,0.36025516272029406,0.13436353,0.2647152
Prkg2,-3.4380517,-2.319598,0.0005859156926567202,0.013229877866963084,0.06521739130434782,0.20827476844343532,0.031789098,0.14948678
Sptbn2,-3.4449453,-0.67211175,0.0005711746535521622,0.012918739849281649,0.3858695652173913,0.5190110642591992,0.3089404,0.45538685
Gfra2,-3.451876,-1.7319747,0.0005567038563927752,0.012612675060096012,0.07065217391304347,0.21861822899772948,0.045233198,0.14297993
Vps13a,-3.4554763,-0.39755663,0.0005493214309637211,0.012473654959944028,0.6956521739130435,0.7091217068511911,0.81491274,0.97773117
Ston2,-3.4597328,-1.914324,0.0005407118354195028,0.012323093314437693,0.08695652173913043,0.23224132338631204,0.05110219,0.1803446
Kcng1,-3.4601638,-1.7681882,0.0005398467909321848,0.012313822811840243,0.06521739130434782,0.213392438822215,0.037829198,0.12338913
Gm45159,-3.4699242,-0.6527952,0.0005206053108573374,0.01190524655552056,0.3532608695652174,0.48358381086243557,0.2761994,0.4055558
Ankrd11,-3.472369,-0.29730123,0.0005158870184026556,0.011827546232490918,0.782608695652174,0.781165531408801,1.021183,1.1578254
Ccdc148,-3.4733229,-0.57358646,0.0005140565696087232,0.011795644769757807,0.42934782608695654,0.5484556889033049,0.39779007,0.5464093
Coro2b,-3.4743502,-0.6052117,0.0005120920884956175,0.011760610613570293,0.31521739130434784,0.46574404440119654,0.25135842,0.36096612
Chst1,-3.4778774,-0.69587195,0.0005054010779740071,0.011626821031816413,0.358695652173913,0.49817998342163117,0.29111928,0.43657058
Megf11,-3.478414,-1.7823696,0.0005043902425089511,0.011613509696842774,0.09782608695652174,0.242188344685912,0.06003728,0.19297156
Kctd8,-3.4847298,-1.4166692,0.0004926342702488535,0.011362302868314758,0.125,0.27166900926226256,0.1237344,0.3013177
Prr16,-3.4852803,-0.79313916,0.0004916219814887402,0.01134869642835262,0.41847826086956524,0.5243810141636934,0.48634616,0.73495424
Osbpl1a,-3.487266,-0.70914185,0.0004879854110305617,0.01127443507686259,0.45652173913043476,0.5638807799041338,0.37881616,0.56128895
Clmn,-3.4892569,-1.110171,0.00048436562780724245,0.011200434095680382,0.2391304347826087,0.3782030489782679,0.16665916,0.3303719
Gnaz,-3.489312,-1.042611,0.0004842658983272532,0.011200434095680382,0.18478260869565216,0.33412621184272173,0.11165921,0.21780618
St8sia1,-3.4925408,-0.84552526,0.0004784485076769853,0.011092244522243826,0.23369565217391305,0.38378923847623164,0.16328621,0.27666634
Arhgef26,-3.49288,-1.3945345,0.00047784082128580986,0.011087722683894395,0.09782608695652174,0.2477384942516308,0.088490695,0.21772794
Kcnj6,-3.4964669,-0.5265678,0.0004714629084805701,0.01096814575833153,0.6141304347826086,0.63275309042419,0.64152706,0.83097655
Unc5a,-3.4983978,-1.0751183,0.0004680622481273348,0.01089846846376212,0.14130434782608695,0.2951310051537103,0.08832884,0.17778264
Gm30092,-3.5004206,-1.6086082,0.0004645245861347684,0.010825477562394818,0.08695652173913043,0.23566511694958014,0.06312139,0.18123649
Adam11,-3.500439,-1.136596,0.0004644926129634432,0.010825477562394818,0.14130434782608695,0.29718528129167116,0.08806611,0.18432435
Tiam2,-3.501581,-0.91976076,0.0004625063203761135,0.010807304799471189,0.24456521739130435,0.38638411359786645,0.17230761,0.30434805
Elovl6,-3.5049567,-0.65474415,0.000456681426240277,0.010689050455641327,0.42934782608695654,0.548383609038815,0.35463586,0.5129042
Anxa11,-3.5064611,-2.585098,0.00045410766386236166,0.010647358575900226,0.04891304347826087,0.1962734710058745,0.020288426,0.11599066
Ly6e,-3.5096948,-1.2357032,0.0004486213914186594,0.010547059039508888,0.15217391304347827,0.30468158719861604,0.10135094,0.22409649
Lypd1,-3.5097315,-1.568484,0.00044855949231828213,0.010547059039508888,0.11413043478260869,0.2615778282336829,0.06953444,0.19356921
Gfod1,-3.5117037,-0.6248837,0.00044524411988774743,0.010494482018757696,0.46195652173913043,0.5593397484412729,0.37851045,0.5362159
Sorcs2,-3.5178545,-0.7919115,0.00043505108284974225,0.010272251841979415,0.32608695652173914,0.46026597469996755,0.25510904,0.40755644
Rasgef1b,-3.5178773,-0.74497837,0.00043501348845021977,0.010272251841979415,0.47282608695652173,0.5457526939849353,0.5080402,0.74646693
Atp9b,-3.5209503,-0.38312948,0.00043000318093542206,0.010196809554041529,0.717391304347826,0.7267812736512055,0.8119773,0.9682287
Gpd2,-3.5253167,-0.7630558,0.00042297666523124014,0.010057861057312763,0.30978260869565216,0.4542473060150647,0.23522986,0.37160754
Setbp1,-3.5388887,-0.25084108,0.0004018154106767077,0.009597137853229454,0.8206521739130435,0.7778498576422677,1.2959118,1.4251326
4930570G19Rik,-3.5391684,-0.75815403,0.00040138975968199335,0.009595500749693205,0.23369565217391305,0.39467329801419976,0.17327593,0.27762318
Tspan5,-3.548048,-0.3995231,0.0003880973989266728,0.009310872418892587,0.75,0.7383140519695823,0.95942056,1.1391006
Mink1,-3.5501533,-0.73993576,0.00038500685736843164,0.009253250677540034,0.33152173913043476,0.47641186434569505,0.24559838,0.38180816
Pals1,-3.55424,-0.9755397,0.0003790731227225275,0.00911879570953833,0.24456521739130435,0.39456517821746495,0.1748827,0.3190263
Car12,-3.5605557,-1.8128153,0.00037007069888386036,0.008925063045390398,0.08152173913043478,0.2303672469095758,0.04799704,0.15934221
Tex2,-3.5625556,-0.8339426,0.00036726218159111664,0.008866428409122464,0.29891304347826086,0.4496702346199589,0.20791154,0.34497434
Synpo,-3.5658166,-0.78850794,0.0003627249445427476,0.0087726545993372,0.15760869565217392,0.3163585252459725,0.11912144,0.19763128
Sbf1,-3.5669816,-0.72177625,0.0003611167929946237,0.008741629034023007,0.30434782608695654,0.45446354560853425,0.24305746,0.37415823
Mylip,-3.5745175,-1.583143,0.00035087442698350334,0.00850134883052005,0.09782608695652174,0.25224348578224676,0.059037756,0.16739061
Celf1,-3.5774162,-0.32340768,0.00034700743847455493,0.008415243566616689,0.7771739130434783,0.7808411720185966,1.0581675,1.2100843
Rprml,-3.579792,-1.1654822,0.000343867741964068,0.008354182845004075,0.07065217391304347,0.22910584928100336,0.07328286,0.15747574
Gpr22,-3.5845118,-0.87522465,0.000337709449419341,0.008219431979979794,0.21739130434782608,0.36912098605254623,0.1565531,0.27068552
Mmp16,-3.601785,-0.30450684,0.00031603982882766926,0.00770598021832983,0.842391304347826,0.7883735178577864,1.4294239,1.5938573
Cdh9,-3.6034408,-0.90935504,0.00031403246615022303,0.007663989432748858,0.4673913043478261,0.536490431397989,0.50239843,0.80014837
Htr4,-3.6114993,-0.99511003,0.00030443184772707503,0.007449985198931245,0.29891304347826086,0.4235412837423866,0.24093787,0.43375495
Mast4,-3.6144073,-0.5177936,0.0003010355387907346,0.007373586989340964,0.7282608695652174,0.7631095253540924,1.0281245,1.2728983
Rapgef6,-3.6169665,-0.3962779,0.00029807574945562795,0.007314425011755912,0.7282608695652174,0.7169784120805853,0.8010237,0.96162456
Gtf2h2,-3.6186132,-0.86947894,0.00029618594432552237,0.007274694994540024,0.266304347826087,0.42519912062565324,0.1882091,0.32088473
Nt5dc1,-3.6241996,-1.2398822,0.0002898575869088782,0.007132301611942817,0.14673913043478262,0.30266335099290015,0.09093211,0.20280226
D630045J12Rik,-3.6255527,-0.6378769,0.0002883440272033091,0.007101561879883516,0.391304347826087,0.5298590838649223,0.32880738,0.47361243
Bicc1,-3.6275847,-1.1743665,0.0002860850244049466,0.007052389546569647,0.20652173913043478,0.35182181857498107,0.14148605,0.29492024
Fbxo34,-3.6310797,-0.5842307,0.00028223808162248647,0.00696394605435832,0.4891304347826087,0.5727466032363859,0.40734157,0.5618095
Npr3,-3.633006,-1.6664951,0.0002801384940723024,0.00691849387474519,0.09239130434782608,0.24690957580999748,0.054192554,0.16277942
C78859,-3.644835,-0.8954859,0.0002675635133613585,0.006632316977877954,0.2554347826086957,0.40112444588604174,0.15666823,0.27422386
Rapgefl1,-3.6469815,-0.69268954,0.000265339086454855,0.006589335723698664,0.3423913043478261,0.4926658737881573,0.26852852,0.40405145
Gm32647,-3.6485271,-1.3900894,0.0002637480584601696,0.0065619540100229235,0.2717391304347826,0.39168198363787077,0.24422863,0.545256
Apba2,-3.6487153,-0.33204526,0.0002635551026798647,0.0065619540100229235,0.7445652173913043,0.7191408080152809,0.87938523,1.0203514
Bdnf,-3.6574757,-1.5268999,0.0002547114778932681,0.006372530177832509,0.13043478260869565,0.2837423865643133,0.08260082,0.2216497
Dagla,-3.657604,-0.6867258,0.00025458392733526116,0.006372530177832509,0.25,0.41110750711788663,0.19471355,0.29714477
Grid2,-3.658847,-0.4546325,0.00025335251169926215,0.006350356333357439,0.8206521739130435,0.8128085919198472,1.5232726,1.777669
Pigk,-3.6628923,-0.6652244,0.0002493832948762687,0.006262550591892841,0.4673913043478261,0.565250297329441,0.3803315,0.55035406
Trpc6,-3.6657636,-1.3759434,0.00024660161081113897,0.006198489506543783,0.18478260869565216,0.3278552636321044,0.16270608,0.37746263
Kcnip4,-3.6667864,-0.34857747,0.0002456177415128985,0.006179539994804853,0.9347826086956522,0.9529678884203697,3.4654515,3.7003396
Arhgef2,-3.6756065,-0.89978707,0.00023728500273444958,0.005975490181325829,0.2826086956521739,0.4346415828738242,0.19310452,0.33463567
Nptxr,-3.6783905,-0.99088925,0.0002347103222352236,0.005916197334390674,0.2554347826086957,0.4075755937578837,0.19102964,0.34948748
Trim2,-3.6809545,-0.38712725,0.00023236244960090434,0.005862515512466008,0.7934782608695652,0.7951129851875879,1.1285323,1.3176757
Cux1,-3.6855457,-0.8582611,0.00022821309873226366,0.005774092243819138,0.391304347826087,0.5093884023498035,0.33000022,0.5357731
Rap2b,-3.7035756,-0.9869079,0.00021258168168132073,0.005414284158082547,0.13043478260869565,0.2906620535553393,0.09666673,0.18328162
Zfp365,-3.7054884,-0.97669077,0.00021098382815715294,0.005383794361427065,0.21739130434782608,0.3691930659170361,0.14260846,0.2636276
Lmo4,-3.7162485,-0.6574252,0.00020220267154752423,0.00516953928114365,0.3641304347826087,0.5154070710347065,0.34118104,0.49550524
Lpcat2,-3.7276464,-1.7197423,0.00019327636241207343,0.004964948239017603,0.08695652173913043,0.2479907737773453,0.06598409,0.20266949
Glrb,-3.7422638,-0.65160817,0.00018236987597504629,0.004711806314855282,0.4945652173913043,0.6059754207662089,0.4189427,0.5974271
Unc13c,-3.7444425,-2.0809982,0.00018079476980006637,0.004675606799353016,0.07065217391304347,0.22939416873896276,0.06285303,0.24252754
Ncor2,-3.746699,-0.8901258,0.00017917678252575794,0.004638227501413406,0.3423913043478261,0.4812412152665153,0.22255601,0.37978783
Dtnbp1,-3.7537029,-0.9228174,0.00017424137599278479,0.004514817524518927,0.1956521739130435,0.3563628500378419,0.13822691,0.24766284
Mark2,-3.7585142,-0.5389083,0.00017092530288101228,0.004446043454417038,0.5815217391304348,0.6556384473997189,0.54048526,0.7136728
Skap2,-3.7604818,-1.1763356,0.0001695863365078218,0.004419771932070971,0.1793478260869565,0.3416945976141565,0.13369565,0.28011677
Prkcg,-3.7659676,-0.7225244,0.00016590536704883413,0.004336456432492386,0.44565217391304346,0.547374490935957,0.38165432,0.5691691
Grm8,-3.773682,-0.966363,0.00016085564241589387,0.004212661902256401,0.41304347826086957,0.516127869679605,0.5244253,0.85321814
9130024F11Rik,-3.7785761,-1.6659477,0.00015772763690537068,0.004134772296241278,0.07608695652173914,0.23703463437488737,0.057312384,0.17157808
Galnt16,-3.783204,-0.8662617,0.00015482240319183494,0.004062576146254497,0.3532608695652174,0.48279093235304715,0.24683169,0.41234565
Prex1,-3.7887354,-1.41309,0.0001514160246551478,0.003979131940860925,0.11413043478260869,0.28057087252675966,0.08517168,0.212493
Cdh18,-3.7937212,-0.75150657,0.0001484063363955472,0.003909488489165052,0.4673913043478261,0.584603740944967,0.5899747,0.8558943
Arid1b,-3.7992342,-0.32378343,0.00014514385042709832,0.003831056248503076,0.7989130434782609,0.7857786427361516,1.0844387,1.2384838
Kcnk2,-3.804931,-1.0151227,0.00014184381753360508,0.0037587212792189037,0.22826086956521738,0.3863480736656215,0.17751132,0.33115503
Klf13,-3.8090222,-0.9164617,0.00013951748629787377,0.0037043822695888022,0.33695652173913043,0.47922297906079936,0.24127077,0.41543454
4930509J09Rik,-3.8112833,-2.0365014,0.00013824721300455638,0.003674285473226934,0.07608695652173914,0.23490827837243666,0.03568502,0.13892794
Arhgef3,-3.814315,-0.8006368,0.0001365611570488299,0.0036330676137644154,0.29347826086956524,0.4589685371391502,0.23962095,0.3863792
Epn2,-3.831345,-0.6746373,0.00012744455883726395,0.0033972572380528594,0.5543478260869565,0.6474213428478754,0.5207369,0.7374657
Klhl2,-3.8324964,-0.60453796,0.00012684944524458472,0.003384751334381322,0.6521739130434783,0.6871013082495405,0.6672278,0.8931002
Nfia,-3.8448436,-0.58054197,0.00012062935105544411,0.003231615815413543,0.7228260869565217,0.7398277291238693,1.0439551,1.3223389
Arhgef4,-3.8485634,-1.2332422,0.00011881257408484814,0.0031861216224150393,0.20108695652173914,0.35874148556600716,0.12231427,0.26687697
Lrfn2,-3.8594794,-0.6732611,0.00011362878737957536,0.00305320551688919,0.44565217391304346,0.5573935921000468,0.378415,0.5501432
Calb1,-3.8663914,-1.4814521,0.00011045755480814051,0.0029769252735152817,0.19021739130434784,0.3400007207986449,0.12150314,0.30803186
Synpr,-3.8811376,-0.9852122,0.0001039690276854823,0.0028161771914404334,0.46195652173913043,0.5470501315457527,0.5388282,0.88105196
Naaladl2,-3.8854902,-0.5506534,0.00010212360481378948,0.0027773899406341326,0.8152173913043478,0.8633365769272354,1.3603055,1.6570755
Chd7,-3.895145,-1.6330477,9.813998133717949e-05,0.002677178983279201,0.17391304347826086,0.3258370274263884,0.12252297,0.3395302
Dkk3,-3.9021351,-1.0302993,9.534792786748642e-05,0.0026089601036653363,0.20108695652173914,0.36479619418315495,0.15955634,0.30256432
Il1rapl2,-3.9173121,-1.2266618,8.954175956549643e-05,0.0024575966082991717,0.4076086956521739,0.5041626121742891,0.4244556,0.80532545
Faah,-3.9222016,-0.84905416,8.774355651025417e-05,0.0024131723269503885,0.3641304347826087,0.4914044761595848,0.24178463,0.4005848
Aifm3,-3.926678,-1.2243522,8.612713846493511e-05,0.0023711436583532856,0.14673913043478262,0.3136915702598479,0.09149823,0.20201966
Nckap1,-3.9270816,-0.3361919,8.598278696906929e-05,0.002369597421393735,0.8206521739130435,0.7892024362994198,1.0556861,1.2136431
Tyro3,-3.9318519,-2.1128383,8.429403943064545e-05,0.0023326270231734743,0.07608695652173914,0.2407467473961149,0.035743576,0.14617817
Cecr2,-3.9338424,-1.9360379,8.359862287191191e-05,0.002318157891195328,0.10869565217391304,0.2694345334630771,0.061511677,0.21734007
Tfdp2,-3.9403646,-0.75750613,8.135788463568189e-05,0.002263029358344485,0.4782608695652174,0.5780444732763902,0.37349328,0.56842744
Sirpa,-3.9530604,-0.8407194,7.71579850599467e-05,0.0021528920649644527,0.375,0.5240566547734891,0.29355982,0.4768908
Camk2n1,-3.9568121,-0.82732505,7.595661513691367e-05,0.0021237817364504375,0.47282608695652173,0.598551194723754,0.4204381,0.65614694
Klf3,-3.9622107,-1.8393465,7.425899285955213e-05,0.0020849938747504342,0.11956521739130435,0.28302158791941473,0.06128156,0.20388179
Slitrk3,-3.9633343,-1.1593374,7.391016334039904e-05,0.0020773703859377846,0.15760869565217392,0.33380185245251737,0.10270586,0.21639533
Dock1,-3.9711454,-1.9882535,7.152792609027105e-05,0.002016742260278681,0.125,0.28702202039860164,0.093174115,0.32746312
Fbxw7,-3.9765804,-0.48120382,6.991334601714372e-05,0.001973289503656147,0.6630434782608695,0.692795617544239,0.68465894,0.8638624
Abcc4,-3.9772823,-1.918069,6.970741240403158e-05,0.0019695459214472437,0.059782608695652176,0.22975456806141203,0.039711684,0.14245126
Osbp2,-3.9804149,-0.67156965,6.879509303756381e-05,0.0019475427233429327,0.43478260869565216,0.5634483007171947,0.3953188,0.5722697
Creg2,-3.991001,-1.1232077,6.579505657375439e-05,0.0018648873102708654,0.17391304347826086,0.3445057123292608,0.115339726,0.2361057
Smarca2,-4.0048156,-0.64941394,6.206585049895835e-05,0.001764771854928054,0.592391304347826,0.6797852020038202,0.598968,0.82705456
Hs3st4,-4.0080585,-0.9950118,6.121997231019537e-05,0.0017444121484357896,0.5434782608695652,0.6056150214437597,0.721178,1.1334686
Zfp609,-4.0092187,-0.58845145,6.091993539012856e-05,0.0017394951548462014,0.592391304347826,0.6585576819115581,0.5362153,0.72603285
Prkcb,-4.011324,-0.3196874,6.037915059392477e-05,0.0017296244951585911,0.8641304347826086,0.7977439002414676,1.3380176,1.5060544
Tank,-4.0415454,-1.1724437,5.310010914315937e-05,0.0015292603780028855,0.21195652173913043,0.380149205319494,0.13227884,0.27669668
Gucy1b1,-4.0442286,-0.970728,5.249569708721529e-05,0.001513475730400724,0.32608695652173914,0.46707752189425883,0.21476671,0.38493657
Rgl1,-4.046508,-0.72968245,5.198733287735523e-05,0.0015004292528620143,0.5108695652173914,0.5803510289400656,0.40465865,0.60274774
Smoc2,-4.049572,-3.353088,5.131140432696723e-05,0.0014825133701780746,0.043478260869565216,0.2115544022777237,0.016536046,0.1573251
Itga4,-4.0548143,-1.6119704,5.0174116476529144e-05,0.0014527785665132953,0.10869565217391304,0.2788049158467582,0.069485255,0.19880807
Kbtbd11,-4.0579014,-1.6198963,4.9515699040360505e-05,0.001435260877254031,0.10326086956521739,0.2798140339496162,0.06835921,0.1967602
Pcdh1,-4.0632906,-0.86445415,4.838574768168495e-05,0.0014070617318256218,0.16847826086956522,0.3526507370166144,0.14036165,0.24243936
Homer1,-4.0686154,-0.5646284,4.7293300727745714e-05,0.0013782765624235653,0.6630434782608695,0.6889753847262767,0.74871886,0.9738205
Usp46,-4.071363,-0.7773712,4.673885590973618e-05,0.0013635972402764507,0.28804347826086957,0.4653476051465023,0.23656268,0.37668428
Arhgap21,-4.072097,-0.44421917,4.65918034886814e-05,0.0013607845214574665,0.7282608695652174,0.7132662990593578,0.76343256,0.9395033
Frmd4b,-4.072482,-0.99956834,4.6514776697789535e-05,0.001360013111936458,0.45652173913043476,0.5695750891988323,0.4340618,0.7355862
Traf3,-4.0822606,-0.8696503,4.4599712824144334e-05,0.0013097205285079326,0.375,0.513172595235521,0.28334257,0.4690799
Igsf9b,-4.0835176,-1.079067,4.435908669242981e-05,0.001304079496089266,0.24456521739130435,0.40627815619706636,0.16642834,0.3239373
Tenm3,-4.0912642,-0.73464984,4.2902783978546155e-05,0.0012626481987990529,0.7065217391304348,0.7360074963059069,1.1276706,1.4985423
Tmem200a,-4.0939336,-1.0494117,4.241156062500015e-05,0.0012495599056949057,0.28804347826086957,0.4313979889717807,0.21931037,0.41046885
Gm2164,-4.0966077,-1.6928977,4.1924846035961104e-05,0.0012365758649684686,0.14673913043478262,0.30889825927127257,0.13088168,0.37300158
Rtn4r,-4.1049967,-1.2341326,4.043207579184327e-05,0.0011991278990362347,0.14673913043478262,0.3229898727790392,0.095036715,0.21069293
Tshz3,-4.1088266,-1.0832447,3.976747450974752e-05,0.0011829423446006262,0.21739130434782608,0.38926730817746064,0.18978183,0.36658382
Lhfp,-4.114913,-1.9033061,3.873256265625841e-05,0.0011538181358909797,0.09239130434782608,0.2653259811871554,0.06517498,0.22467802
Slc20a1,-4.1263933,-1.4043862,3.6849698617386244e-05,0.0011026184875825929,0.16304347826086957,0.33372977258802755,0.08949335,0.2213954
Actn2,-4.135094,-2.5927842,3.548093204639657e-05,0.0010652208313817607,0.021739130434782608,0.19940894511118318,0.019128487,0.110203795
Dop1b,-4.138291,-0.81770134,3.499025454783717e-05,0.0010528422617025585,0.3532608695652174,0.5101092009947021,0.26366276,0.4264134
Cnih3,-4.140116,-1.088693,3.471296619432812e-05,0.001045669732782059,0.21739130434782608,0.39312358092766786,0.15628842,0.3073225
Marchf3,-4.151404,-1.4803969,3.304417933622377e-05,0.0009998841202301044,0.14673913043478262,0.3219807546761812,0.103171185,0.2648607
Gm46123,-4.151496,-2.4556005,3.30309349844301e-05,0.0009998841202301044,0.05434782608695652,0.22979060799365697,0.02653316,0.13758019
Ppfibp1,-4.187909,-1.5929332,2.815364086821858e-05,0.0008596458296920832,0.10326086956521739,0.2822287094100263,0.082176074,0.22981273
Atp8a1,-4.2015724,-0.36755878,2.6506733820529346e-05,0.0008112026625941043,0.8206521739130435,0.816376545212095,1.2120807,1.3975816
Mdga1,-4.206659,-2.2233148,2.591736960108446e-05,0.0007949768506634012,0.06521739130434782,0.24384618156917864,0.03652707,0.16018039
Pcdh15,-4.2133694,-0.74988633,2.5158922347000922e-05,0.0007725945639587597,0.7119565217391305,0.7431434028904026,1.22727,1.620568
Rftn1,-4.215718,-1.3641529,2.4898514944200603e-05,0.0007663494805849602,0.10869565217391304,0.2940498071863625,0.091820925,0.22119099
Unc80,-4.2256107,-0.30154654,2.3829336539581432e-05,0.0007376662129246004,0.7934782608695652,0.7505315890006127,1.1908189,1.3407931
Atp2b4,-4.231959,-1.0144179,2.3166480578443602e-05,0.0007188029251071358,0.2826086956521739,0.4480844776011821,0.24156645,0.43952677
Slc8a2,-4.2474985,-0.9929547,2.161707947055404e-05,0.0006730601684516651,0.21195652173913043,0.3982772912386925,0.15730055,0.2919488
Iqsec2,-4.250617,-0.71570915,2.131822375582835e-05,0.0006652969481058162,0.4782608695652174,0.5984070349947742,0.41980162,0.6188104
Kctd4,-4.259254,-1.5169858,2.0511046177958803e-05,0.0006408509427927361,0.09782608695652174,0.2766785598443075,0.07225591,0.1942873
Dock9,-4.2674685,-0.50581783,1.9770372064389073e-05,0.00061987152551941,0.7445652173913043,0.7138789779075215,0.8361852,1.0496408
St3gal5,-4.272757,-0.8555687,1.9307098026168576e-05,0.0006060534158448009,0.41304347826086957,0.5522038418567773,0.3221714,0.5234365
Plxna2,-4.274926,-0.6473442,1.912005380619679e-05,0.0006008840301432839,0.5597826086956522,0.6585937218438029,0.59660125,0.82329136
Mindy3,-4.276871,-0.83457345,1.8953854346096343e-05,0.0005973404012921266,0.375,0.5188669045302194,0.27674678,0.4501731
Slc22a23,-4.2831135,-0.81575876,1.8429617509588025e-05,0.00058190813452718,0.41304347826086957,0.5770713951057772,0.38214397,0.59842366
Epha7,-4.2897043,-0.631285,1.789111032254295e-05,0.0005662357295250049,0.717391304347826,0.709193786715681,0.98734456,1.2833133
Arhgef9,-4.308491,-0.5438652,1.6437203586705422e-05,0.000523302915135989,0.6304347826086957,0.6930118571377086,0.68439114,0.8889018
Inka2,-4.3175817,-1.8983432,1.5774791755789463e-05,0.0005034069530618323,0.08152173913043478,0.26799293617328,0.046483528,0.16328657
Acvr1,-4.319953,-0.7334025,1.5606234110792122e-05,0.000498620107677746,0.43478260869565216,0.5820088658233322,0.38570824,0.57801205
Cpe,-4.338107,-0.4095325,1.4371520616364575e-05,0.0004597175701925192,0.875,0.8454247306015065,1.3084909,1.5232354
Nr4a2,-4.342712,-2.3673756,1.4073461137937196e-05,0.00045125763815796234,0.04891304347826087,0.23559303708509027,0.03748154,0.17988144
Camk2b,-4.3437576,-0.64764434,1.4006600579059798e-05,0.0004496503674544047,0.6467391304347826,0.6787040040364725,0.64072156,0.8782079
Tln2,-4.349514,-0.7051562,1.364396394619786e-05,0.0004385326689405939,0.483695652173913,0.5993801131653872,0.41791037,0.61290437
Nrip1,-4.350798,-1.0465934,1.3564287879579595e-05,0.00043701728456151524,0.32608695652173914,0.49450391033264857,0.24120013,0.44690004
Rbms1,-4.371649,-1.2451744,1.2331169913946192e-05,0.00039920305492498095,0.22282608695652173,0.3980970915774678,0.16767739,0.35959044
Pcp4,-4.376887,-1.3040346,1.2038643635898155e-05,0.0003911467406246474,0.22282608695652173,0.3922225826215447,0.16701292,0.37075013
Epha5,-4.3873444,-0.28656656,1.1474306242999998e-05,0.00037371467727201205,0.9130434782608695,0.8528849965762064,1.8400849,2.0096917
Ptpre,-4.395472,-0.8756275,1.1053240434599599e-05,0.00036087554128516554,0.4076086956521739,0.5451760550690165,0.32833648,0.5383103
Mbp,-4.402251,-1.0526389,1.0713358993760214e-05,0.0003502043262315535,0.40217391304347827,0.5703319277759757,0.4533268,0.7837649
Cdh6,-4.4151025,-2.1981366,1.00962117647497e-05,0.00033083562209612735,0.10869565217391304,0.2852200237863553,0.060071014,0.2500624
Dok6,-4.4169326,-0.26611093,1.0011142527093309e-05,0.0003284485954859551,0.8641304347826086,0.8128085919198472,1.6085376,1.7586907
2900026A02Rik,-4.4197536,-1.1184199,9.881360268293458e-06,0.0003245869809401531,0.17391304347826086,0.36227339892601,0.12729554,0.25830337
Gpc4,-4.4239454,-1.6081014,9.691445586898609e-06,0.0003187382410281097,0.1358695652173913,0.32219699426965076,0.09414265,0.26308486
Ppfia2,-4.4244776,-0.2655393,9.667593457419653e-06,0.0003183434267167476,0.907608695652174,0.8459653295851803,1.8994344,2.0580146
Kcnb2,-4.4400444,-0.37949473,8.994024333753505e-06,0.00029762245547777913,0.8315217391304348,0.7713987097704257,1.482238,1.6913211
Plekhg5,-4.446172,-1.0449862,8.741384355720667e-06,0.0002896189859903999,0.3641304347826087,0.5027570548167369,0.25502566,0.4696246
Rnf19a,-4.4570656,-1.0027238,8.308921095780433e-06,0.0002763127597074508,0.31521739130434784,0.4837279705914153,0.21678978,0.39546755
Sdk1,-4.469706,-1.1963226,7.832709670109091e-06,0.0002607991435388244,0.30434782608695654,0.46549176487548205,0.30012918,0.58896255
Pxdn,-4.486938,-1.2123371,7.2254029408985744e-06,0.00024207802621190112,0.21195652173913043,0.39669153421991565,0.13191637,0.28272814
Slc44a5,-4.4892406,-0.7974342,7.147750875655501e-06,0.00024007508253607915,0.4891304347826087,0.6103722925000901,0.54576224,0.81609946
Sh3d19,-4.4923368,-0.9215953,7.044595522414023e-06,0.0002369064852156005,0.3858695652173913,0.5436984178469745,0.33409226,0.5604038
Stim2,-4.4966664,-0.8344843,6.902716270824738e-06,0.00023301003291088029,0.46195652173913043,0.577684073953941,0.3942009,0.62146264
Jarid2,-4.497189,-0.6044015,6.885768677976005e-06,0.00023273031997133993,0.5978260869565217,0.7315745846397809,0.70126534,0.9341808
Ephx4,-4.5115957,-1.249789,6.434169836330707e-06,0.00021856655310013411,0.125,0.3229177929145493,0.090257086,0.20263204
Mrtfb,-4.5366206,-0.5439288,5.716285127757581e-06,0.0001949195195213784,0.6684782608695652,0.7065628716618013,0.7595936,0.9776751
Orai2,-4.537299,-2.211797,5.697922501070798e-06,0.00019478775776561366,0.07608695652173914,0.26900205427613794,0.040450945,0.17498752
Arhgap15,-4.541684,-1.2754024,5.580663113503924e-06,0.00019102218835649737,0.1956521739130435,0.3805456445741882,0.15142739,0.3334411
Mmd,-4.543578,-0.9575322,5.530723800449145e-06,0.00019003906460111068,0.27717391304347827,0.45986953544527337,0.21346377,0.37988228
Ntng2,-4.546381,-1.5400941,5.457626535468334e-06,0.00018776750961335998,0.15760869565217392,0.34295599524272896,0.09832764,0.26273403
Fhl2,-4.548009,-1.7479824,5.4155817064180275e-06,0.0001865598467326313,0.11413043478260869,0.3038887086892277,0.061719853,0.19379044
Tnrc6c,-4.548963,-0.3866076,5.391091252579111e-06,0.00018595458531039886,0.7934782608695652,0.7832198075467618,1.1208419,1.3090829
Ahcyl2,-4.558549,-0.6321787,5.150823253184947e-06,0.00017789539950267293,0.7554347826086957,0.7471077954373446,0.93329495,1.2212145
P4ha1,-4.562035,-0.9014095,5.066022526862177e-06,0.00017519179574876023,0.28804347826086957,0.4836919306591704,0.23622635,0.4039439
Wasf1,-4.575767,-0.58607376,4.744778713148885e-06,0.00016493169989949616,0.6847826086956522,0.718600209031607,0.81154966,1.0572846
Ptn,-4.5988517,-0.99224967,4.2482607924082e-06,0.00014824774998962122,0.45652173913043476,0.6024435074062061,0.4725971,0.7892905
Adgrb2,-4.607195,-0.96453923,4.081377206186925e-06,0.00014298123276433204,0.30434782608695654,0.4779976213644718,0.21512234,0.38415498
Slc26a4,-4.6102633,-2.155435,4.021595018225962e-06,0.00014107083308058957,0.08695652173913043,0.2776876779471655,0.04598916,0.19034515
Grid1,-4.612038,-0.3631914,3.987396611478728e-06,0.00014005404830122014,0.8260869565217391,0.7839766461239053,1.341648,1.5334558
Foxp1,-4.61235,-0.43341947,3.9814164509357316e-06,0.00014002704193277892,0.8152173913043478,0.7954733845100371,1.214096,1.434316
Adora1,-4.616171,-1.6692711,3.90885357584388e-06,0.00013765517114406952,0.15217391304347827,0.3407575593757884,0.082190484,0.24094671
Lmo3,-4.630834,-1.0428089,3.6419545879110336e-06,0.0001285930614680282,0.34782608695652173,0.5025768551555123,0.29934186,0.5417203
Chst8,-4.630995,-2.4883473,3.639131670505021e-06,0.0001285930614680282,0.07065217391304347,0.2638123040328684,0.03344026,0.17463982
Micu1,-4.6562257,-0.8978772,3.2205886153105435e-06,0.00011416519273534869,0.33152173913043476,0.5220384185677731,0.26431456,0.44707114
Acvr2a,-4.681709,-0.76452494,2.844931969810568e-06,0.00010124943315074167,0.5815217391304348,0.6457635059646087,0.55350107,0.813586
Klhl5,-4.6831307,-1.3616923,2.8252608182113227e-06,0.00010068270316357857,0.14673913043478262,0.3479295058925289,0.10782684,0.25664842
Nptx1,-4.7100773,-1.5026667,2.4762297798789727e-06,8.907134429096117e-05,0.15217391304347827,0.3446859119904855,0.1054029,0.27382478
Kcnmb4,-4.7126503,-1.2727869,2.4451561455436414e-06,8.807150888841507e-05,0.16304347826086957,0.35625473024110715,0.11134397,0.25043708
Chst9,-4.7249517,-1.8920307,2.3017016240378567e-06,8.301573508442579e-05,0.15217391304347827,0.33531552960680433,0.11295756,0.36731094
Atp1a1,-4.727337,-1.1492089,2.274839377482664e-06,8.215716945290213e-05,0.32065217391304346,0.5053519299383717,0.24109526,0.4729373
Hunk,-4.7388306,-1.4711233,2.1495498237893482e-06,7.794656378572171e-05,0.16304347826086957,0.36018308285580425,0.11361108,0.2878534
Plekha7,-4.7418075,-1.8091508,2.1181991644923216e-06,7.691352912149822e-05,0.09782608695652174,0.30003243593902046,0.064943254,0.21118198
Mical2,-4.7471647,-0.5910805,2.062880674255613e-06,7.50062296579815e-05,0.6793478260869565,0.6916783796446463,0.7776743,1.0196064
Sptbn1,-4.757966,-0.31884754,1.9555333745214283e-06,7.119943329727747e-05,0.8532608695652174,0.8484160449778354,1.3521596,1.5205202
Pcdh19,-4.7620525,-0.98192185,1.9163355312734e-06,6.986694128265434e-05,0.33695652173913043,0.5132086351677659,0.3021112,0.5286487
Asap2,-4.763507,-1.1871902,1.9025726482234294e-06,6.94594117632657e-05,0.27717391304347827,0.451111831909756,0.19113457,0.39177576
Zdhhc23,-4.7663827,-1.7130891,1.8756299462912272e-06,6.866236601750037e-05,0.10326086956521739,0.31015965689984504,0.06505167,0.1991537
Tenm2,-4.7668414,-0.34656498,1.8713669036540256e-06,6.859976630447976e-05,0.9402173913043478,0.9401737124734205,3.1431453,3.3741078
Wwc1,-4.7768264,-1.0517546,1.7808350267688768e-06,6.54596951700133e-05,0.266304347826087,0.4559772227628212,0.2013568,0.38008982
Negr1,-4.781046,-0.3156678,1.74385485778496e-06,6.427624146595593e-05,0.9130434782608695,0.9024038634807366,2.355701,2.555685
Cdon,-4.7869215,-1.2725126,1.6935910680591826e-06,6.259531224037171e-05,0.21195652173913043,0.40865679172523156,0.14542373,0.3207396
Ccdc88c,-4.8383465,-1.5195,1.3092369033810323e-06,4.8859993880344914e-05,0.13043478260869565,0.33729772588027535,0.08906306,0.23669298
Ppm1e,-4.841979,-0.3495368,1.2855222671438918e-06,4.8041701416072844e-05,0.8586956521739131,0.8101055970014777,1.4803762,1.6724564
Fmnl2,-4.844722,-0.7153287,1.2678908491928915e-06,4.7448784286647627e-05,0.6195652173913043,0.7192489278120157,0.70429766,0.98532337
Dnah9,-4.8518815,-1.405012,1.2229556382655594e-06,4.589499720697707e-05,0.2391304347826087,0.4158287382419721,0.16643706,0.39174503
Kcnip2,-4.8609724,-1.4689137,1.1681054963407356e-06,4.4021030416094764e-05,0.15760869565217392,0.3531192561357985,0.09822041,0.25129384
Vcl,-4.8816123,-1.4749008,1.0522204209191386e-06,3.982135592971444e-05,0.22282608695652173,0.4088730313187011,0.13263619,0.332356
Baz2b,-4.882653,-0.6457223,1.046677907636853e-06,3.9667468798592724e-05,0.6739130434782609,0.757811655314088,0.7653412,1.0291816
Rasal1,-4.8891387,-1.6706785,1.0127806258980432e-06,3.849139380181106e-05,0.15217391304347827,0.3511010199300825,0.080081776,0.23541759
Ube2e3,-4.918681,-0.98523235,8.71292269227233e-07,3.339746544099251e-05,0.30434782608695654,0.49486430965509787,0.23683438,0.42462525
Nlgn1,-4.9226255,-0.2557338,8.539067218465815e-07,3.282471189702095e-05,0.9565217391304348,0.9545176055069017,3.2323992,3.4032226
Cacna1i,-4.9227314,-2.1167724,8.534463774108848e-07,3.282471189702095e-05,0.05434782608695652,0.26568638050960464,0.03717376,0.15209043
Ldb2,-4.9253917,-1.0853812,8.419163803914324e-07,3.250329474298533e-05,0.41847826086956524,0.557321512235557,0.48688063,0.8462765
Crym,-4.9256897,-1.5491209,8.406336129809275e-07,3.25004678860396e-05,0.11956521739130435,0.3263415864778174,0.089222915,0.24145737
Tmcc3,-4.957979,-1.2621685,7.123012101014219e-07,2.7698311889182644e-05,0.28804347826086957,0.4880527624608066,0.26477408,0.5464383
Dync1i1,-4.971111,-0.5622577,6.657036510381301e-07,2.599921090609674e-05,0.7228260869565217,0.7181677298446679,0.9286991,1.1820207
Tgfbr3,-4.972973,-1.4380949,6.593383399646549e-07,2.578809489788978e-05,0.16847826086956522,0.37863552816520707,0.11929708,0.2951457
B230334C09Rik,-4.9905033,-0.9335668,6.022223507307526e-07,2.365747743294638e-05,0.3804347826086957,0.5579341910837208,0.30586475,0.52081287
Gm14636,-4.9997315,-1.447134,5.741024219610715e-07,2.258584491668227e-05,0.1956521739130435,0.39261902187623887,0.11662995,0.29065028
Syt17,-5.0140553,-1.2088069,5.329463460931844e-07,2.1090233165719977e-05,0.24456521739130435,0.44004757271056333,0.19158216,0.3975
Kcnh5,-5.014931,-2.0561671,5.305238238553625e-07,2.1025332075211787e-05,0.09239130434782608,0.3060150646916784,0.07322151,0.27455077
Nup93,-5.021779,-0.94249713,5.119500236485521e-07,2.0349256117509756e-05,0.391304347826087,0.550870364363715,0.30112308,0.51598746
Pde8b,-5.0231504,-0.79179215,5.083064116830543e-07,2.0234360417664694e-05,0.5108695652173914,0.6395285976862364,0.5110383,0.7676797
Arhgef25,-5.0316267,-1.3701863,4.863354749717846e-07,1.9388478060076932e-05,0.21195652173913043,0.4102785886762533,0.13182916,0.3106169
Matn2,-5.0349154,-2.001687,4.780600911409057e-07,1.9115289656184728e-05,0.10869565217391304,0.3183767614516885,0.06379705,0.23413369
Pgm2l1,-5.0368876,-0.8888942,4.731624947687528e-07,1.8975934678263264e-05,0.483695652173913,0.6237791472952031,0.42210746,0.6792983
Ccbe1,-5.040589,-2.1656027,4.6410128180279593e-07,1.8640360899911997e-05,0.11956521739130435,0.32021479799617975,0.07835965,0.31167048
Etv1,-5.0512576,-1.2849483,4.389110095721445e-07,1.768146750705176e-05,0.27717391304347827,0.46707752189425883,0.24052621,0.5083789
Dpf3,-5.0525966,-2.5686502,4.3584346007040254e-07,1.7584254913050625e-05,0.08152173913043478,0.28788697877247993,0.0492526,0.26198602
Pex5l,-5.0759153,-0.7698449,3.8563542926493845e-07,1.5628995451506632e-05,0.7717391304347826,0.7806249324251271,1.2859747,1.6982293
Zfhx4,-5.0766582,-2.2420392,3.8413107910217614e-07,1.5591543950869296e-05,0.10869565217391304,0.315133167549645,0.0668236,0.2828609
Cntnap5a,-5.077814,-0.9329066,3.8180222917835775e-07,1.5520462780669397e-05,0.6793478260869565,0.705697913287923,0.9888704,1.4405351
Kdm7a,-5.0799513,-0.9044278,3.775315497806056e-07,1.537011021606799e-05,0.3967391304347826,0.5811799473816989,0.34638354,0.5737017
Rnf182,-5.089863,-1.765717,3.5832224719278787e-07,1.4677010338521663e-05,0.15217391304347827,0.35203805816845063,0.09106259,0.2807999
Mmd2,-5.1003666,-1.1090467,3.389966208487574e-07,1.392788868838855e-05,0.19021739130434784,0.40667459545176055,0.16011576,0.3181343
Adcy9,-5.1038203,-0.70357037,3.3286470628034446e-07,1.3738977968898397e-05,0.6467391304347826,0.6978412080585289,0.7067116,0.98320603
Me1,-5.109861,-1.8302565,3.223964494629161e-07,1.3327373226259317e-05,0.13043478260869565,0.3411900385627275,0.072877705,0.23809521
Lrrtm4,-5.137206,-0.4349044,2.7885306754512403e-07,1.1616716162693771e-05,0.9456521739130435,0.9203157098064656,2.7567654,3.0415707
Tspan13,-5.142921,-0.8768695,2.704993334867713e-07,1.1303759083654037e-05,0.45108695652173914,0.6135438065376437,0.42319247,0.6767461
Clstn2,-5.144274,-0.61932415,2.685572012525259e-07,1.1240080993232665e-05,0.7771739130434783,0.7517209067646953,1.2791946,1.6063123
Tbc1d1,-5.1472325,-1.3905097,2.643576472252746e-07,1.111625975108471e-05,0.1956521739130435,0.4046203193137997,0.13403243,0.319204
Iqcj,-5.1516953,-1.5959185,2.5814228877795116e-07,1.0888984771528332e-05,0.17391304347826086,0.381122283490107,0.13470471,0.3617878
Fras1,-5.162524,-1.5503007,2.43641801519391e-07,1.0309693239096122e-05,0.20108695652173914,0.4038274408044113,0.18102208,0.45818007
Arl15,-5.1660237,-0.5835984,2.3912630548285795e-07,1.0134580170858665e-05,0.782608695652174,0.762280606912459,1.0760716,1.3601935
Rtn4rl1,-5.190498,-1.3356329,2.0973233132604161e-07,8.973738443838755e-06,0.22826086956521738,0.4233610840811619,0.15316352,0.3490626
Gpc6,-5.201575,-1.3080349,1.9760699047449613e-07,8.481948616692829e-06,0.391304347826087,0.5531408800951454,0.49098796,0.9437632
Frmd6,-5.2027855,-1.483482,1.9632332631666485e-07,8.440332445006056e-06,0.19021739130434784,0.3997909683929794,0.119967096,0.30483884
Pkp2,-5.2064734,-2.0160758,1.9246344087743566e-07,8.287648487783167e-06,0.11956521739130435,0.33099073773741305,0.07423197,0.2713084
Ext1,-5.227425,-0.51497644,1.718871699448824e-07,7.437372393589356e-06,0.8260869565217391,0.7755793419108372,1.19909,1.4611788
Phf24,-5.236112,-0.79368,1.63994489435434e-07,7.11879148809388e-06,0.4076086956521739,0.5749450391033265,0.3716737,0.5768087
Ube2e2,-5.2434597,-0.27868196,1.575932163842297e-07,6.863095177057134e-06,0.9021739130434783,0.8377482250333369,1.6508788,1.8097582
Nrgn,-5.260802,-0.91292536,1.4342862333533578e-07,6.297266518007308e-06,0.6032608695652174,0.7361876959671316,0.6768195,1.0374022
Gm30382,-5.2722635,-2.055696,1.3475127527374832e-07,5.935683223943635e-06,0.125,0.3378743647961942,0.09114082,0.33412415
Pde4b,-5.2759695,-0.9548155,1.3205591716954655e-07,5.826506558859961e-06,0.7282608695652174,0.7639024038634807,1.1603445,1.6576495
Rspo2,-5.279864,-1.9682657,1.2928000088433776e-07,5.713410565398282e-06,0.1358695652173913,0.34890258406314195,0.10399027,0.35685083
Lrrn1,-5.2960773,-1.4578954,1.18316686986871e-07,5.263525462478847e-06,0.17391304347826086,0.3951778570656287,0.1296149,0.3222044
Glis3,-5.300623,-2.2951021,1.1540833065691085e-07,5.16836974125199e-06,0.125,0.3365769272353768,0.11928023,0.48351124
Fut9,-5.300742,-0.6476914,1.1533296572742604e-07,5.16836974125199e-06,0.75,0.7506757487295924,0.91909415,1.2122339
Icam5,-5.3206525,-1.5156031,1.0339571702707164e-07,4.669315826079689e-06,0.19021739130434784,0.40617003640033156,0.12092381,0.31299534
Grik3,-5.3586755,-1.8506347,8.383422716100055e-08,3.8115493803994665e-06,0.14673913043478262,0.3634266767578477,0.11373176,0.36076054
4930578G10Rik,-5.3627577,-0.9677695,8.19609182537658e-08,3.732694700811334e-06,0.391304347826087,0.5682776516380149,0.3636575,0.6193837
Vxn,-5.383219,-1.5039159,7.316559084408706e-08,3.3434684115316653e-06,0.15217391304347827,0.3847983565790896,0.12200239,0.31335306
Cadm1,-5.4369235,-0.418918,5.4208450667119605e-08,2.4984237897521503e-06,0.8641304347826086,0.8592280246513136,1.7857643,2.0329633
Cyfip1,-5.4397397,-0.9023572,5.335853047685641e-08,2.463477171672048e-06,0.5380434782608695,0.6497999783760406,0.4703527,0.75259995
Mbnl2,-5.459783,-0.55541265,4.767167878773759e-08,2.212328167576009e-06,0.7717391304347826,0.810393916459437,1.0869874,1.3579512
Thsd7a,-5.4692454,-1.1790355,4.519560556674037e-08,2.104689638783906e-06,0.41304347826086957,0.580170829278841,0.46696928,0.8533837
Gm2824,-5.478019,-1.9760163,4.3011290042160906e-08,2.0064468115153883e-06,0.13043478260869565,0.3526507370166144,0.07216716,0.2580505
Pkp4,-5.4801707,-0.6422654,4.249160145415743e-08,1.9856510105621045e-06,0.6847826086956522,0.7537031030381662,0.85751635,1.137334
Trpc4,-5.4866424,-1.1454548,4.096454986016574e-08,1.9176262277746574e-06,0.3532608695652174,0.5439867373049339,0.37994593,0.7043211
Fndc3b,-5.4931874,-1.1122583,3.947435586090123e-08,1.8510923943846704e-06,0.33152173913043476,0.53847262767146,0.26291987,0.50084347
Zbtb18,-5.4961963,-1.0490154,3.8807072203625114e-08,1.822982570124837e-06,0.22826086956521738,0.46722168162323857,0.22027703,0.4120278
Tnfrsf19,-5.514616,-1.856369,3.495421611643652e-08,1.6564722875637554e-06,0.10326086956521739,0.3362165279129275,0.07006924,0.23334531
Brinp3,-5.534013,-1.2707446,3.1298597146984074e-08,1.4911228818075569e-06,0.5108695652173914,0.6319602119148016,0.6036881,1.0985769
Dlg1,-5.5820394,-0.6487859,2.3771454592472995e-08,1.1446935213257156e-06,0.7391304347826086,0.7751468627238981,0.93131906,1.2270384
Raver2,-5.5862455,-1.3375523,2.320314331206109e-08,1.1213461525091395e-06,0.1956521739130435,0.42357732367463147,0.18296029,0.41037548
Galnt9,-5.597088,-1.7124317,2.179819910178989e-08,1.0553470448019717e-06,0.15760869565217392,0.3880419504811331,0.10642648,0.31335554
Jmjd1c,-5.5999594,-0.5210755,2.144021467435739e-08,1.039889112454843e-06,0.7989130434782609,0.7982484592928966,1.0071647,1.2509949
Syt7,-5.6060276,-0.87914354,2.0702321547989923e-08,1.0059156961925665e-06,0.5271739130434783,0.6366814430388871,0.4970897,0.7813278
Cobl,-5.6163154,-1.6572632,1.9507269786246574e-08,9.512891817721332e-07,0.23369565217391305,0.4337045446354561,0.1690589,0.45803776
Epha6,-5.635377,-0.37140164,1.746756132196288e-08,8.564842567904063e-07,0.9456521739130435,0.8855011352578657,2.3238952,2.5588644
Camk1d,-5.647674,-0.5095075,1.6263330164263237e-08,8.018269385573453e-07,0.9510869565217391,0.9540130464554727,2.013835,2.326469
Cdh2,-5.664401,-0.5911391,1.4753876213756685e-08,7.287438490140481e-07,0.782608695652174,0.7650556816953185,0.9953033,1.2723633
Nsun7,-5.667355,-1.7045476,1.4501862215780453e-08,7.176151707882518e-07,0.14673913043478262,0.3813745630158215,0.09501953,0.28132513
Ptk2,-5.7042084,-0.47693014,1.168848929725915e-08,5.816105692913951e-07,0.8152173913043478,0.797527660647998,1.1039116,1.336514
Pip4k2a,-5.7115474,-1.3369724,1.1195366925715574e-08,5.581066962782513e-07,0.34782608695652173,0.5537535589433091,0.26630527,0.5714494
Plekha5,-5.7157116,-0.54228485,1.0924575534289698e-08,5.456195996400821e-07,0.75,0.7620283273867445,1.0143753,1.2696532
Satb2,-5.731265,-1.6552483,9.968437008216258e-09,5.006577615154596e-07,0.1956521739130435,0.4221357263848344,0.18551005,0.49593118
Enox1,-5.7478504,-0.49094236,9.038523788664924e-09,4.5651341015305736e-07,0.8315217391304348,0.7864634014488052,1.3269554,1.5876411
Pcsk5,-5.7709713,-1.5648706,7.881585778061087e-09,4.0109509442519207e-07,0.2554347826086957,0.46444660684037914,0.2322191,0.57286644
Csmd2,-5.772866,-0.6572581,7.793457532629479e-09,3.9736281575285405e-07,0.7119565217391305,0.7257361156161026,0.9051468,1.2005491
Gm10115,-5.7784386,-1.7808224,7.539713651538216e-09,3.851560947088058e-07,0.125,0.36879662666234186,0.0769477,0.24282701
Cttnbp2,-5.824846,-0.34653404,5.7165350634050515e-09,2.9425918994960484e-07,0.9021739130434783,0.8152953472447472,1.5982462,1.7942977
Stxbp5l,-5.834661,-0.32084873,5.389998157185482e-09,2.790544325309709e-07,0.8967391304347826,0.7946805060006488,1.5337305,1.7121549
Pdgfc,-5.8462334,-2.081199,5.028289410317839e-09,2.608303792572207e-07,0.125,0.36530075323458394,0.08259325,0.31067023
Gm49678,-5.8472514,-1.3607618,4.997617623625527e-09,2.5974078442324554e-07,0.41304347826086957,0.5571052726420874,0.4602821,0.91675925
Tbc1d5,-5.867391,-0.8183293,4.427050581491364e-09,2.3188079751398233e-07,0.6739130434782609,0.7805168126283922,0.8241173,1.1807665
Ppp2r2b,-5.939406,-0.5148302,2.860569803110552e-09,1.5342018085744616e-07,0.8260869565217391,0.7691281940389952,1.3058558,1.5778996
Plcxd3,-5.940965,-2.0799286,2.8334867164679352e-09,1.5257672960219122e-07,0.16847826086956522,0.39442101848848526,0.124183916,0.44406077
Slc24a4,-5.947859,-1.9194295,2.7167254758755796e-09,1.4658315971240326e-07,0.11956521739130435,0.3706346632068332,0.08333834,0.28424305
Cntnap5b,-6.005164,-1.2199978,1.9113841078711498e-09,1.0438798979369471e-07,0.41847826086956524,0.5975781165531409,0.4891032,0.9040382
Chd9,-6.009595,-0.6541688,1.8598754092472832e-09,1.0240748411162808e-07,0.75,0.7929866291851372,0.9122171,1.207338
Palmd,-6.0099616,-2.320358,1.855670841027816e-09,1.0238578131091873e-07,0.09239130434782608,0.3437488737521173,0.055254262,0.249776
Ppargc1a,-6.016397,-1.4244158,1.7834211097695415e-09,9.860190374384275e-08,0.2391304347826087,0.4778174217032472,0.17978652,0.4243912
Mast3,-6.0281157,-1.6797929,1.6588238236545186e-09,9.228280774657747e-08,0.21739130434782608,0.4512199517064908,0.13459374,0.37951702
Pcdh7,-6.075679,-0.9141846,1.2346428749871012e-09,6.954896027443062e-08,0.7336956521739131,0.7859228024651314,1.2042743,1.6862202
Tjp1,-6.1031938,-0.60257995,1.0396953449054608e-09,5.931340534524359e-08,0.7663043478260869,0.7985367787508559,1.0417405,1.3310493
Crim1,-6.1037717,-1.1291496,1.0359410786699429e-09,5.92249718805561e-08,0.3641304347826087,0.5787652719212888,0.35287118,0.6552132
Hivep3,-6.1154037,-0.6802256,9.63129177373871e-10,5.54160192634602e-08,0.7336956521739131,0.782607128698598,1.0141162,1.3390186
Magi2,-6.1345434,-0.31413305,8.540406459912461e-10,4.9563870751155036e-08,0.9347826086956522,0.9233430641150394,2.7593026,2.964572
Fry,-6.157174,-0.5170989,7.405452134305091e-10,4.335174266857905e-08,0.8206521739130435,0.8043752477745342,1.1937681,1.4564598
Rasgrp1,-6.167017,-1.3666784,6.959037509812045e-10,4.091670413318373e-08,0.266304347826087,0.5021804159008181,0.23580134,0.5222126
Cacng3,-6.1944494,-1.401992,5.848914499950727e-10,3.461681335102996e-08,0.2554347826086957,0.49663026633509927,0.20717163,0.47519162
Stum,-6.196637,-1.8395234,5.768226222824453e-10,3.4214622209115465e-08,0.14673913043478262,0.3932317007244026,0.09462708,0.30395174
C1ql3,-6.248232,-1.5630795,4.1512463573814726e-10,2.4898211969383965e-08,0.27717391304347827,0.510685839910621,0.24431315,0.5975913
Csgalnact1,-6.263863,-1.5017749,3.7555486562430735e-10,2.257530031168935e-08,0.22826086956521738,0.4837640105236602,0.21216391,0.5124178
Kalrn,-6.272128,-0.28378287,3.5614583977485574e-10,2.14565890465255e-08,0.875,0.8468302879590587,2.106716,2.2814517
Nrn1,-6.289365,-1.8572422,3.1876749172034114e-10,1.9422409302779062e-08,0.15760869565217392,0.4179911341766677,0.11233301,0.35819152
Wipf3,-6.3029227,-1.3954422,2.920842210784602e-10,1.7877683417718055e-08,0.32608695652173914,0.530471762713086,0.2654803,0.5877209
Gpc5,-6.3165817,-1.6121463,2.674118552902419e-10,1.6442463504917162e-08,0.42934782608695654,0.6153097632176452,0.5616888,1.1951046
Itpka,-6.3231087,-1.7843959,2.563529913167133e-10,1.5871439808018634e-08,0.15217391304347827,0.40930551050564024,0.10262985,0.31649682
Sptb,-6.323173,-1.6764821,2.562464406318152e-10,1.5871439808018634e-08,0.125,0.3958265758460374,0.09664694,0.28092232
Dgki,-6.352018,-0.53966343,2.125083597126868e-10,1.334135426513994e-08,0.8097826086956522,0.7790752153385951,1.2701263,1.5524868
Camk2a,-6.356522,-0.58774924,2.0637272968550458e-10,1.2986499406673323e-08,0.8586956521739131,0.7871481601614589,1.1979553,1.4988893
Gria1,-6.3711214,-0.46346512,1.8765110860079721e-10,1.1863965383772756e-08,0.9184782608695652,0.8492089234872239,1.976293,2.2587218
Rap1gap2,-6.3809457,-1.3664446,1.7599751188096496e-10,1.1179794667237658e-08,0.2826086956521739,0.5186506649367499,0.21503042,0.4815276
Tmeff2,-6.391573,-0.8906548,1.6418778961376203e-10,1.0513567741441856e-08,0.8152173913043478,0.8498576422676325,1.5467495,2.060872
Gm26652,-6.3924813,-1.6390231,1.632152794086918e-10,1.0491853008879302e-08,0.1956521739130435,0.45194075035138936,0.13756976,0.37798378
Inpp4b,-6.401925,-1.4266002,1.5342996797958137e-10,9.934128288220124e-09,0.41847826086956524,0.5929650052257902,0.43696004,0.9054631
Stxbp6,-6.4062824,-1.9180696,1.4911070900762346e-10,9.677789253707348e-09,0.23369565217391305,0.46682524236854434,0.21868277,0.65428567
Trpm3,-6.417588,-1.4167619,1.3844999330177313e-10,9.029493495190884e-09,0.5543478260869565,0.6880383464879086,0.77670825,1.4195381
Pdzd2,-6.4215283,-1.8336737,1.3491294425702657e-10,8.823145325282397e-09,0.22826086956521738,0.46549176487548205,0.15624528,0.47174847
Apbb2,-6.425138,-0.9732702,1.3174998406588902e-10,8.676769783947152e-09,0.5652173913043478,0.6824521569899449,0.51167053,0.83795166
Tnik,-6.431119,-0.38925672,1.2666802556229076e-10,8.362579476311432e-09,0.8804347826086957,0.8180704220276066,1.4715648,1.6855627
Ankrd33b,-6.450066,-1.698864,1.1180128765778518e-10,7.435892572684871e-09,0.18478260869565216,0.4440840451219952,0.13585411,0.38689908
Cyp7b1,-6.4526577,-1.5022866,1.0990544382744798e-10,7.327938649239522e-09,0.29891304347826086,0.525534291995531,0.242694,0.5755676
Diaph2,-6.4573083,-0.77991253,1.0658149342373614e-10,7.123991861432313e-09,0.7336956521739131,0.7730565466536923,0.9200458,1.2786226
Vav3,-6.4575744,-2.1332207,1.0639436682277423e-10,7.123991861432313e-09,0.1358695652173913,0.3997188885284896,0.0999774,0.3793063
Cadps2,-6.470362,-1.5156655,9.776839918943506e-11,6.5675922155503e-09,0.33152173913043476,0.5513388834828991,0.35618117,0.7990399
6530403H02Rik,-6.499001,-1.9405528,8.085519817092047e-11,5.472491624313937e-09,0.22826086956521738,0.4638339279922154,0.21307346,0.6479151
Syndig1,-6.5035143,-2.1297503,7.846506542426047e-11,5.324132090782522e-09,0.14673913043478262,0.4018452445309403,0.09293583,0.35503098
Neurod2,-6.5145907,-2.34067,7.288808992097583e-11,4.970819736488885e-09,0.10869565217391304,0.371211302122752,0.06027367,0.2736062
Khdrbs2,-6.517985,-1.0603093,7.125817317644661e-11,4.872028277992673e-09,0.6032608695652174,0.7142754171622158,0.8102693,1.2819394
Dgkh,-6.52053,-1.1588871,7.005918087877346e-11,4.802270893399599e-09,0.5652173913043478,0.674451292031571,0.581996,1.0163453
Slc35f3,-6.5242963,-1.255508,6.832163678225197e-11,4.6951467527854485e-09,0.391304347826087,0.5922081666486467,0.3792716,0.74249244
Plcl1,-6.5519533,-1.2995224,5.678927232331664e-11,3.932803472493603e-09,0.5271739130434783,0.6872454679785202,0.67393935,1.2142656
Psd3,-6.597081,-0.7795853,4.19331332275078e-11,2.949589763934907e-09,0.7228260869565217,0.7818863300536995,0.87599754,1.2253814
Slc44a1,-6.599489,-0.98918444,4.125770764520915e-11,2.909697124479711e-09,0.532608695652174,0.7112841027858867,0.56854224,0.9242365
Chst11,-6.606259,-1.6353099,3.941532060825078e-11,2.787078065114996e-09,0.20652173913043478,0.472952030850182,0.16094984,0.43339342
Zfp831,-6.6329575,-2.3881752,3.290262091722755e-11,2.3327003272979004e-09,0.11413043478260869,0.3807979240999027,0.055825472,0.26279074
Gm26871,-6.6918592,-0.64568233,2.2035309797733137e-11,1.5831250648799181e-09,0.8641304347826086,0.7994017371247342,1.5480262,1.9157469
Fgf12,-6.7012157,-0.5767613,2.06692630462385e-11,1.488962729363079e-09,0.8913043478260869,0.8550113525786571,1.8345385,2.1802604
A330008L17Rik,-6.7765374,-1.9882646,1.2309038811541334e-11,9.012094628504514e-10,0.14673913043478262,0.4251630806934083,0.12173734,0.41451398
Man1a,-6.805089,-1.6409811,1.0098686071863015e-11,7.454716888762616e-10,0.358695652173913,0.5596280678992324,0.3448107,0.82596
Satb1,-6.806827,-1.8618298,9.977463651505734e-12,7.38552199217518e-10,0.20652173913043478,0.46751000108119795,0.16065742,0.4907008
Rapgef5,-6.8094645,-1.0266113,9.796268301865469e-12,7.271428985390198e-10,0.6141304347826086,0.7175190110642592,0.70275885,1.123818
Kcnk10,-6.832737,-1.8617917,8.330958947247199e-12,6.218135192014784e-10,0.1793478260869565,0.4507514325873067,0.11718729,0.37286487
Specc1,-6.8547297,-1.1027174,7.144739671078709e-12,5.377567365879129e-10,0.5163043478260869,0.6842901935344362,0.49373162,0.86333674
Lrfn5,-6.893519,-0.46246204,5.442887975412647e-12,4.119729574629234e-10,0.9184782608695652,0.8581468266839658,2.0025485,2.2853804
Slc16a2,-6.914067,-1.5785505,4.709526816659268e-12,3.584843783672366e-10,0.21195652173913043,0.4906836775146863,0.17466374,0.4510739
Tmtc1,-6.9162183,-1.6093351,4.638601220679322e-12,3.5408867840810624e-10,0.266304347826087,0.5134609146934804,0.21084699,0.54009366
Sorbs2,-6.9299183,-0.68296003,4.210836729006305e-12,3.2327195116685547e-10,0.8152173913043478,0.782138609579414,1.2301512,1.5867647
Nrcam,-6.977963,-0.56133443,2.9949016831943353e-12,2.312442765156086e-10,0.8315217391304348,0.8244494900349587,1.4789618,1.7917596
Grin2b,-6.983738,-0.26919544,2.8742846346399738e-12,2.2321395414097137e-10,0.9239130434782609,0.8854650953256208,2.3117347,2.4813159
Nckap5,-6.994879,-1.6220052,2.6548869965240054e-12,2.067733727437682e-10,0.33695652173913043,0.5755216780192454,0.28811195,0.7069409
Lsamp,-7.020206,-0.35643917,2.2154149226426077e-12,1.745694984498735e-10,0.9836956521739131,0.9728619310195696,3.8319643,4.0742807
Slit1,-7.0322227,-1.6413863,2.0326877924934905e-12,1.6111599110413005e-10,0.266304347826087,0.5154431109669514,0.20220928,0.5301151
Grm3,-7.043712,-1.709437,1.8718438432012026e-12,1.4880604753495952e-10,0.3532608695652174,0.579125671243738,0.38029945,0.9215769
Nhsl2,-7.053679,-1.731394,1.7424801736115248e-12,1.3893306310071712e-10,0.22282608695652173,0.49327855263632103,0.1591803,0.45295268
Lingo1,-7.0574403,-1.4622152,1.6959784084404798e-12,1.3562779712736815e-10,0.25,0.5195156233106282,0.19867262,0.47347844
Meis2,-7.119988,-1.9159772,1.0793660201758657e-12,8.735712337989612e-11,0.21739130434782608,0.4917288355497892,0.22733381,0.67459184
Itga8,-7.1596394,-1.6324799,8.088970538695604e-13,6.626543852888747e-11,0.29347826086956524,0.5456085342559556,0.288026,0.71045095
Rapgef2,-7.181352,-0.8140151,6.90252801058048e-13,5.7067977736706924e-11,0.717391304347826,0.7670739179010343,0.87110436,1.2363299
Trhde,-7.1983504,-1.8224376,6.094544840162799e-13,5.0543339461473584e-11,0.2608695652173913,0.5235160557898151,0.25362366,0.7036028
Tle4,-7.201758,-1.5704122,5.944109459786188e-13,4.9448365691781694e-11,0.34782608695652173,0.5849641402674163,0.29305348,0.69877774
Cdh12,-7.2255306,-1.3002058,4.991493771583579e-13,4.165262038585427e-11,0.5163043478260869,0.6866327891303564,0.71326613,1.2705303
Spon1,-7.237006,-1.923592,4.586970713873517e-13,3.839623148965152e-11,0.23369565217391305,0.4961257072836703,0.17942753,0.5570842
Ryr3,-7.2775154,-1.1241227,3.400245655993645e-13,2.8640940682303835e-11,0.6521739130434783,0.7204022056438534,0.9131196,1.4474522
Phlpp1,-7.2837625,-1.1675066,3.2463697351587727e-13,2.751733589391679e-11,0.5543478260869565,0.7497026705589793,0.66155285,1.1335002
R3hdm1,-7.287679,-0.57120335,3.1533972049375347e-13,2.689897869735605e-11,0.875,0.8403791400872166,1.5204515,1.8422221
Garem1,-7.3081446,-1.4060663,2.708560372028787e-13,2.3178030954271816e-11,0.41304347826086957,0.6025876671351857,0.31039056,0.6752586
Tmem108,-7.312754,-1.4339685,2.6172142105805543e-13,2.2539918537916504e-11,0.4673913043478261,0.6375824413450103,0.479628,0.9794297
Slit2,-7.33466,-1.6591607,2.2228516137230876e-13,1.92671041486256e-11,0.3423913043478261,0.5753414783580207,0.35941046,0.86117357
9530059O14Rik,-7.3428884,-1.4253161,2.09032917515439e-13,1.8177069558705005e-11,0.42391304347826086,0.6149493638951958,0.38604563,0.81774515
Prickle2,-7.365308,-0.7382926,1.7673868512994833e-13,1.5468952669191243e-11,0.8097826086956522,0.8116192741557646,1.2770766,1.6703876
Sv2b,-7.3686147,-1.4640127,1.7241017950734242e-13,1.518905417495833e-11,0.5,0.6226619093956104,0.47046894,0.977311
Btbd9,-7.3751597,-0.9819247,1.6414805478977522e-13,1.4508744184872567e-11,0.6902173913043478,0.7595776119940895,0.7979262,1.2271383
Cacna2d3,-7.3803473,-1.1128603,1.578772071727172e-13,1.4000529890201028e-11,0.6684782608695652,0.746891555843875,0.9853838,1.5327481
Mcu,-7.4221087,-1.3267319,1.1527038566554894e-13,1.03589139225194e-11,0.41304347826086957,0.6226979493278553,0.3441527,0.7082371
Neo1,-7.426117,-1.2119738,1.1183197611884476e-13,1.0083641605078384e-11,0.4673913043478261,0.6760010091181029,0.43005583,0.80860883
Arap2,-7.43063,-1.5943283,1.0808135559437685e-13,9.778269443841435e-12,0.33152173913043476,0.5808555879914946,0.28229976,0.68557006
Cracdl,-7.512621,-1.4898146,5.795523526911483e-14,5.3513992153990224e-12,0.3641304347826087,0.5951634410927308,0.31843078,0.7193581
Ntng1,-7.546089,-1.9496804,4.485224712924283e-14,4.155792690906051e-12,0.33695652173913043,0.5719537247269975,0.337811,0.93703544
Tanc1,-7.562092,-1.8633307,3.9663754460514736e-14,3.687768451052011e-12,0.32065217391304346,0.5470501315457527,0.23453076,0.67381173
Mpped2,-7.572293,-1.414748,3.6669413611990283e-14,3.433125936425711e-12,0.358695652173913,0.6001369517425307,0.31374574,0.6843995
Pde1a,-7.58264,-1.2516233,3.385931513507003e-14,3.181118173703957e-12,0.657608695652174,0.7639024038634807,1.0055443,1.6345912
Kcnq3,-7.6039405,-0.84906626,2.872476815055535e-14,2.7273304600898313e-12,0.7771739130434783,0.8130248315133167,1.2855861,1.7428658
Cadm2,-7.6211863,-0.44902068,2.5135535889874128e-14,2.4121137477175636e-12,0.967391304347826,0.9631311493134392,3.169157,3.4690917
Ralyl,-7.6695704,-0.77367634,1.7257351450312735e-14,1.674025391588098e-12,0.875,0.8558763109525354,1.7908013,2.255317
Prkag2,-7.692265,-1.2728549,1.4455296068025855e-14,1.4169793945930428e-12,0.5380434782608695,0.6648646700544203,0.47647044,0.90620655
Slc24a2,-7.6971865,-1.029811,1.3909500548570347e-14,1.3690413177292498e-12,0.7880434782608695,0.8157278264316863,1.2698976,1.8290366
Gabra2,-7.7031536,-1.0325209,1.3274872212379782e-14,1.3113816777450174e-12,0.6847826086956522,0.7702814718708328,0.9406795,1.4338099
Shisa6,-7.721711,-1.7199072,1.147784251562379e-14,1.1465041947762498e-12,0.45652173913043476,0.6189137564421379,0.448092,1.0516073
Ptprj,-7.7607613,-1.2041432,8.442097601675021e-15,8.495848784906659e-13,0.5597826086956522,0.7143474970267056,0.5559635,0.998168
Adgrb3,-7.8318954,-0.31695592,4.8056956132613466e-15,4.909849472560167e-13,0.9565217391304348,0.935957040400764,3.0160785,3.2260683
Ryr2,-7.8829308,-0.67877585,3.197906015014686e-15,3.317673151484348e-13,0.8532608695652174,0.804447327639024,1.5160044,1.9004899
Hs6st3,-7.92005,-1.4324018,2.3741480790659407e-15,2.5214766357510604e-13,0.6956521739130435,0.7951129851875879,1.2038374,1.987367
Rfx3,-7.9914365,-1.2005458,1.3337564026032294e-15,1.4392784954999506e-13,0.7336956521739131,0.7961221032904459,0.9507525,1.536625
Epha4,-8.00848,-1.3346113,1.1613468709987677e-15,1.2582818719248747e-13,0.5760869565217391,0.701733520740981,0.6150226,1.1451788
Atp2b1,-8.059474,-0.6910199,7.662331317393778e-16,8.403544591770237e-14,0.8967391304347826,0.8990161098497135,1.6208838,2.0216258
Tnr,-8.110711,-1.2449673,5.032428527039705e-16,5.564664795125797e-14,0.5978260869565217,0.7390708905467258,0.79779536,1.359193
Ano4,-8.131466,-1.6167885,4.2413029093680634e-16,4.728788762436509e-14,0.358695652173913,0.6442137888780769,0.42934924,0.9725403
Dcc,-8.225496,-1.1627169,1.9438467197432191e-16,2.185404240983276e-14,0.7771739130434783,0.8463617688398746,1.5127331,2.1886628
Chn1,-8.236027,-1.0628259,1.7802387982928946e-16,2.0098746432827767e-14,0.6304347826086957,0.7602623707067431,0.68421644,1.1157556
Car10,-8.246439,-1.7994008,1.631849853451517e-16,1.850118378153682e-14,0.42391304347826086,0.64021335639889,0.5152605,1.2078505
Brinp1,-8.279081,-0.9969264,1.2412894009512188e-16,1.4132816187948837e-14,0.7608695652173914,0.7805168126283922,1.077054,1.5818182
Marchf1,-8.284668,-1.0999806,1.1843899044429698e-16,1.3542364566971319e-14,0.8043478260869565,0.837207626049663,1.4283918,2.0540159
Dlg2,-8.310798,-0.37196842,9.506062794516092e-17,1.1009823590027904e-14,0.9510869565217391,0.9554906836775147,3.4713976,3.7221403
Ptk2b,-8.345377,-1.7305427,7.098735747390499e-17,8.293175197060117e-15,0.358695652173913,0.6054708617147799,0.29282758,0.7556521
Ntm,-8.459817,-1.3212124,2.6779685136464252e-17,3.226771926532711e-15,0.7663043478260869,0.8155836667027065,1.261913,1.9915982
Map1b,-8.51321,-0.7885021,1.6918314718628153e-17,2.0757767876234636e-15,0.8586956521739131,0.8572458283778427,1.2543088,1.6728956
Nrp1,-8.514196,-1.7709613,1.6774977716620807e-17,2.067631427732115e-15,0.3695652173913043,0.6247161855335712,0.36180663,0.9113684
Gpm6b,-8.545857,-0.96248484,1.2758521057799547e-17,1.6019694430984756e-15,0.7717391304347826,0.8331351137059863,1.0399718,1.5182849
Plxna4,-8.552811,-1.2447568,1.2012655363666586e-17,1.515399293998691e-15,0.6630434782608695,0.7472159152340794,0.8154909,1.3829439
Pcsk2,-8.586866,-1.1793218,8.937330202750891e-18,1.1435526787996021e-15,0.7228260869565217,0.7706058312610372,0.9224182,1.4888176
Sez6l,-8.601277,-1.53634,7.883343513076528e-18,1.0135188526141927e-15,0.375,0.6477096623058348,0.34938195,0.79435045
Lrrc7,-8.625023,-0.43873024,6.407994955439233e-18,8.440334531992754e-16,0.9239130434782609,0.8630122175370311,2.1961915,2.4707026
Gm20754,-8.658854,-1.5096341,4.765324078424778e-18,6.338824652835336e-16,0.6032608695652174,0.7460986773344866,0.8749422,1.6059762
St6galnac3,-8.723966,-1.5904694,2.6862560235960338e-18,3.6089849677012714e-16,0.45108695652173914,0.705229394168739,0.5046374,1.0908129
Zbtb20,-8.745637,-1.3273548,2.217609514347594e-18,2.99433003268944e-16,0.8641304347826086,0.8685623671027498,1.5354016,2.3167145
Baiap2,-8.822403,-2.0167568,1.1202897162293992e-18,1.5358257487287734e-16,0.18478260869565216,0.5395538256388078,0.15003799,0.5038493
Ntrk3,-8.930363,-1.2724509,4.24612820399516e-19,5.911578489189117e-17,0.6793478260869565,0.7790031354741053,1.0066597,1.6476465
Gria2,-8.967886,-0.44653824,3.0225901978416423e-19,4.252198880419106e-17,0.9510869565217391,0.9212887879770786,2.377702,2.6622145
Runx1t1,-8.989888,-1.9297874,2.4748195160523323e-19,3.537148957251392e-17,0.31521739130434784,0.6115976501964177,0.33493662,0.9225945
Dpyd,-9.083602,-1.8951219,1.0503978779992305e-19,1.53392342292605e-17,0.40217391304347827,0.6528994125491044,0.40982097,1.0592148
Zfpm2,-9.103893,-2.012292,8.715043435691798e-20,1.2796350662133258e-17,0.45108695652173914,0.6752802104732043,0.49139628,1.2697871
Dmd,-9.13366,-0.816009,6.622151900975966e-20,9.885401198845789e-18,0.8967391304347826,0.8747972753811223,1.7943267,2.285414
Fat3,-9.252651,-1.5051926,2.1899238070173318e-20,3.305800713177287e-18,0.592391304347826,0.7395754495981548,0.68965673,1.3399425
Dscam,-9.276112,-1.4868335,1.7577642744142644e-20,2.6989214887720736e-18,0.5869565217391305,0.7579197751108228,0.8343782,1.5375221
Cntn1,-9.495967,-0.820353,2.181776483117362e-21,3.5104391677463186e-19,0.8532608695652174,0.8295671604137385,1.3255289,1.7717367
Schip1,-9.500049,-1.2249676,2.0979212399209857e-21,3.395852031125114e-19,0.7934782608695652,0.83374779255415,1.300267,1.9798585
Slit3,-9.564229,-1.7129184,1.1304055798506484e-21,1.8634354558642281e-19,0.5815217391304348,0.7277183118895737,0.8287105,1.6544324
Ptprk,-9.56961,-1.9321876,1.0731033373798156e-21,1.7798942392219533e-19,0.4076086956521739,0.6809745197679028,0.44864017,1.1508058
Slc9a9,-9.592061,-1.8071134,8.634284382487538e-22,1.4591397569650322e-19,0.3858695652173913,0.6890474645907666,0.3699684,0.9426047
Nbea,-9.630506,-0.4516755,5.943611235470972e-22,1.0172282413828345e-19,0.9347826086956522,0.9070890546725772,2.2615497,2.546223
Slc17a7,-9.63234,-1.5311388,5.838419043455428e-22,1.0056302544720982e-19,0.4673913043478261,0.7162936533679317,0.45454556,0.9795107
Malat1,-9.670221,-0.6668796,4.035039409779991e-22,7.040357723427815e-20,0.9891304347826086,0.9937650917216275,4.5312715,4.9895306
Cdh8,-9.731053,-1.8599578,2.222781640030525e-22,3.903669455400013e-20,0.47282608695652173,0.6920748188993404,0.52217114,1.2496226
Nell2,-9.763986,-1.427165,1.60712030876142e-22,2.8410080721328525e-20,0.6793478260869565,0.7681190759361373,0.84754556,1.5232542
Fam135b,-9.773838,-1.585928,1.4582129215206443e-22,2.5948464371695174e-20,0.5217391304347826,0.7020939200634303,0.5647087,1.1873356
Prkg1,-9.899805,-1.3337594,4.170887895978352e-23,7.676147792119062e-21,0.7717391304347826,0.8107543157818863,1.2057036,1.9309298
Akt3,-9.925178,-0.89762807,3.2352540420067184e-23,5.9952604212910705e-21,0.8152173913043478,0.8411720185966051,1.3404964,1.8334457
Ptprd,-9.980121,-0.8552927,1.8623957343242245e-23,3.549118679524249e-21,0.9836956521739131,0.9653295851803798,3.0918984,3.6642191
Entrep2,-10.053172,-1.8882006,8.895695619183779e-24,1.732082183242523e-21,0.41304347826086957,0.6880023065556636,0.44956762,1.1317979
Cacna1e,-10.079532,-1.2737248,6.804990767779099e-24,1.3346722768629518e-21,0.7717391304347826,0.7743179442822647,1.0676612,1.725372
Xylt1,-10.145428,-2.2184296,3.472553049389185e-24,6.860845620374074e-22,0.33152173913043476,0.6439975492846074,0.2900197,0.9422746
Ncam1,-10.158508,-1.1481396,3.0368692889478866e-24,6.089602820449979e-22,0.7717391304347826,0.8562006703427397,1.1480584,1.7526045
Arpp21,-10.212328,-1.3987211,1.7462444760565768e-24,3.5546658387606227e-22,0.7663043478260869,0.7995819367859588,1.1550418,1.9069496
Nalf1,-10.403246,-0.6842897,2.396289199372666e-25,5.1101818085034557e-23,0.9293478260869565,0.8999891880203266,2.414922,2.854889
Csmd1,-10.427128,-0.68931055,1.8643785874844335e-25,4.0399881165892527e-23,0.9619565217391305,0.9435975060366887,3.12702,3.5880141
Kcnma1,-10.501996,-0.77695435,8.457293239856607e-26,1.8937289112912254e-23,0.9021739130434783,0.8572097884455977,1.7594911,2.22366
Grm1,-10.51244,-2.0718863,7.570945003357586e-26,1.7095066574808266e-23,0.44021739130434784,0.6901647024903593,0.44320616,1.207388
Adcy2,-10.562585,-1.8967407,4.4425668191354956e-26,1.0290669864669892e-23,0.41304347826086957,0.7015893610120013,0.45758495,1.150792
Galnt18,-10.574042,-2.1814854,3.93173838411941e-26,9.186592207068568e-24,0.3532608695652174,0.6552059682127798,0.3075081,0.96819
Ano3,-10.803914,-2.315661,3.298351101402278e-27,8.206175379136963e-25,0.32065217391304346,0.6699823404332,0.33193284,1.0851055
Tafa1,-10.857761,-2.0924752,1.8318479290572813e-27,4.60016391156721e-25,0.6630434782608695,0.7922658305402386,0.87583345,1.9422474
Galnt17,-10.920864,-2.1253972,9.16199695910779e-28,2.3445986503926313e-25,0.46195652173913043,0.7204742855083432,0.49580687,1.335113
St6galnac5,-11.273167,-2.126943,1.780484399328769e-29,5.035959558943581e-27,0.43478260869565216,0.7229250009009983,0.5050726,1.3533008
Opcml,-11.533223,-1.0947793,8.972008609521718e-31,2.7057573265534287e-28,0.9456521739130435,0.9258658593721844,2.4086578,3.1184998
Dip2c,-11.662021,-1.3416686,1.992571678503352e-31,6.225628023416869e-29,0.7065217391304348,0.8401268605615021,1.0926927,1.795755
Oxr1,-11.976896,-1.5905007,4.695755755202531e-33,1.5971513562315445e-30,0.782608695652174,0.8564529498684542,1.1801718,2.0529478
Dock4,-12.418299,-1.6413273,2.0793577532416015e-35,7.869344060507301e-33,0.7554347826086957,0.861066061195805,1.1243693,2.0126667
Ppp3ca,-12.471916,-1.087982,1.0623974773708644e-35,4.078088602422161e-33,0.9184782608695652,0.9405701517281148,1.9141164,2.586927
Cnksr2,-12.686378,-1.6211528,7.036562386592617e-37,2.9088066358114404e-34,0.8152173913043478,0.8616066601794788,1.3036631,2.2249124
Celf2,-13.164409,-1.1835083,1.4063403019153715e-39,6.997845168975191e-37,0.9619565217391305,0.9666630626734422,2.923963,3.7137728
Grm7,-13.451009,-1.691884,3.0370238501541036e-41,1.6654047112987911e-38,0.842391304347826,0.8934299203517497,1.6632577,2.6957247
